Date,FTSE
27-Mar-19,"7,194.19"
26-Mar-19,"7,196.29"
25-Mar-19,"7,177.58"
22-Mar-19,"7,207.59"
21-Mar-19,"7,355.31"
20-Mar-19,"7,291.01"
19-Mar-19,"7,324.00"
18-Mar-19,"7,299.19"
15-Mar-19,"7,228.28"
14-Mar-19,"7,185.43"
13-Mar-19,"7,159.19"
12-Mar-19,"7,151.15"
11-Mar-19,"7,130.62"
8-Mar-19,"7,104.31"
7-Mar-19,"7,157.55"
6-Mar-19,"7,196.00"
5-Mar-19,"7,183.43"
4-Mar-19,"7,134.39"
1-Mar-19,"7,106.73"
28-Feb-19,"7,074.73"
27-Feb-19,"7,107.20"
26-Feb-19,"7,151.12"
25-Feb-19,"7,183.74"
22-Feb-19,"7,178.60"
21-Feb-19,"7,167.39"
20-Feb-19,"7,228.62"
19-Feb-19,"7,179.17"
18-Feb-19,"7,219.47"
15-Feb-19,"7,236.68"
14-Feb-19,"7,197.01"
13-Feb-19,"7,190.84"
12-Feb-19,"7,133.14"
11-Feb-19,"7,129.11"
8-Feb-19,"7,071.18"
7-Feb-19,"7,093.58"
6-Feb-19,"7,173.09"
5-Feb-19,"7,177.37"
4-Feb-19,"7,034.13"
1-Feb-19,"7,020.22"
31-Jan-19,"6,968.85"
30-Jan-19,"6,941.63"
29-Jan-19,"6,833.93"
28-Jan-19,"6,747.10"
25-Jan-19,"6,809.22"
24-Jan-19,"6,818.95"
23-Jan-19,"6,842.88"
22-Jan-19,"6,901.39"
21-Jan-19,"6,970.59"
18-Jan-19,"6,968.33"
17-Jan-19,"6,834.92"
16-Jan-19,"6,862.68"
15-Jan-19,"6,895.02"
14-Jan-19,"6,855.02"
11-Jan-19,"6,918.18"
10-Jan-19,"6,942.87"
9-Jan-19,"6,906.63"
8-Jan-19,"6,861.60"
7-Jan-19,"6,810.88"
4-Jan-19,"6,837.42"
3-Jan-19,"6,692.66"
2-Jan-19,"6,734.23"
31-Dec-18,"6,728.13"
28-Dec-18,"6,733.97"
27-Dec-18,"6,584.68"
24-Dec-18,"6,685.99"
21-Dec-18,"6,721.17"
20-Dec-18,"6,711.93"
19-Dec-18,"6,765.94"
18-Dec-18,"6,701.59"
17-Dec-18,"6,773.24"
14-Dec-18,"6,845.17"
13-Dec-18,"6,877.50"
12-Dec-18,"6,880.19"
11-Dec-18,"6,806.94"
10-Dec-18,"6,721.54"
7-Dec-18,"6,778.11"
6-Dec-18,"6,704.05"
5-Dec-18,"6,921.84"
4-Dec-18,"7,022.76"
3-Dec-18,"7,062.41"
30-Nov-18,"6,980.24"
29-Nov-18,"7,038.95"
28-Nov-18,"7,004.52"
27-Nov-18,"7,016.85"
26-Nov-18,"7,036.00"
23-Nov-18,"6,952.86"
22-Nov-18,"6,960.32"
21-Nov-18,"7,050.23"
20-Nov-18,"6,947.92"
19-Nov-18,"7,000.89"
16-Nov-18,"7,013.88"
15-Nov-18,"7,038.01"
14-Nov-18,"7,033.79"
13-Nov-18,"7,053.76"
12-Nov-18,"7,053.08"
9-Nov-18,"7,105.34"
8-Nov-18,"7,140.68"
7-Nov-18,"7,117.28"
6-Nov-18,"7,040.68"
5-Nov-18,"7,103.84"
2-Nov-18,"7,094.12"
1-Nov-18,"7,114.66"
31-Oct-18,"7,128.10"
30-Oct-18,"7,035.85"
29-Oct-18,"7,026.32"
26-Oct-18,"6,939.56"
25-Oct-18,"7,004.10"
24-Oct-18,"6,962.98"
23-Oct-18,"6,955.21"
22-Oct-18,"7,042.80"
19-Oct-18,"7,049.80"
18-Oct-18,"7,026.99"
17-Oct-18,"7,054.60"
16-Oct-18,"7,059.40"
15-Oct-18,"7,029.22"
12-Oct-18,"6,995.91"
11-Oct-18,"7,006.93"
10-Oct-18,"7,145.74"
9-Oct-18,"7,237.59"
8-Oct-18,"7,233.33"
5-Oct-18,"7,318.54"
4-Oct-18,"7,418.34"
3-Oct-18,"7,510.28"
2-Oct-18,"7,474.55"
1-Oct-18,"7,495.67"
28-Sep-18,"7,510.20"
27-Sep-18,"7,545.44"
26-Sep-18,"7,511.49"
25-Sep-18,"7,507.56"
24-Sep-18,"7,458.41"
21-Sep-18,"7,490.23"
20-Sep-18,"7,367.32"
19-Sep-18,"7,331.12"
18-Sep-18,"7,300.23"
17-Sep-18,"7,302.10"
14-Sep-18,"7,304.04"
13-Sep-18,"7,281.57"
12-Sep-18,"7,313.36"
11-Sep-18,"7,273.54"
10-Sep-18,"7,279.30"
7-Sep-18,"7,277.70"
6-Sep-18,"7,318.96"
5-Sep-18,"7,383.28"
4-Sep-18,"7,457.86"
3-Sep-18,"7,504.60"
31-Aug-18,"7,432.42"
30-Aug-18,"7,516.03"
29-Aug-18,"7,563.21"
28-Aug-18,"7,617.22"
24-Aug-18,"7,577.49"
23-Aug-18,"7,563.22"
22-Aug-18,"7,574.24"
21-Aug-18,"7,565.70"
20-Aug-18,"7,591.26"
17-Aug-18,"7,558.59"
16-Aug-18,"7,556.38"
15-Aug-18,"7,497.87"
14-Aug-18,"7,611.64"
13-Aug-18,"7,642.45"
10-Aug-18,"7,667.01"
9-Aug-18,"7,741.77"
8-Aug-18,"7,776.65"
7-Aug-18,"7,718.48"
6-Aug-18,"7,663.78"
3-Aug-18,"7,659.10"
2-Aug-18,"7,575.93"
1-Aug-18,"7,652.91"
31-Jul-18,"7,748.76"
30-Jul-18,"7,700.85"
27-Jul-18,"7,701.31"
26-Jul-18,"7,663.17"
25-Jul-18,"7,658.26"
24-Jul-18,"7,709.05"
23-Jul-18,"7,655.79"
20-Jul-18,"7,678.79"
19-Jul-18,"7,683.97"
18-Jul-18,"7,676.28"
17-Jul-18,"7,626.33"
16-Jul-18,"7,600.45"
13-Jul-18,"7,661.87"
12-Jul-18,"7,651.33"
11-Jul-18,"7,591.96"
10-Jul-18,"7,692.04"
9-Jul-18,"7,687.99"
6-Jul-18,"7,617.70"
5-Jul-18,"7,603.22"
4-Jul-18,"7,573.09"
3-Jul-18,"7,593.29"
2-Jul-18,"7,547.85"
29-Jun-18,"7,636.93"
28-Jun-18,"7,615.63"
27-Jun-18,"7,621.69"
26-Jun-18,"7,537.92"
25-Jun-18,"7,509.84"
22-Jun-18,"7,682.27"
21-Jun-18,"7,556.44"
20-Jun-18,"7,627.40"
19-Jun-18,"7,603.85"
18-Jun-18,"7,631.33"
15-Jun-18,"7,633.91"
14-Jun-18,"7,765.79"
13-Jun-18,"7,703.71"
12-Jun-18,"7,703.81"
11-Jun-18,"7,737.43"
8-Jun-18,"7,681.07"
7-Jun-18,"7,704.40"
6-Jun-18,"7,712.37"
5-Jun-18,"7,686.80"
4-Jun-18,"7,741.29"
1-Jun-18,"7,701.77"
31-May-18,"7,678.20"
30-May-18,"7,689.57"
29-May-18,"7,632.64"
25-May-18,"7,730.28"
24-May-18,"7,716.74"
23-May-18,"7,788.44"
22-May-18,"7,877.45"
21-May-18,"7,859.17"
18-May-18,"7,778.79"
17-May-18,"7,787.97"
16-May-18,"7,734.20"
15-May-18,"7,722.98"
14-May-18,"7,710.98"
11-May-18,"7,724.55"
10-May-18,"7,700.97"
9-May-18,"7,662.52"
8-May-18,"7,565.75"
4-May-18,"7,567.14"
3-May-18,"7,502.69"
2-May-18,"7,543.20"
1-May-18,"7,520.36"
30-Apr-18,"7,509.30"
27-Apr-18,"7,502.21"
26-Apr-18,"7,421.43"
25-Apr-18,"7,379.32"
24-Apr-18,"7,425.40"
23-Apr-18,"7,398.87"
20-Apr-18,"7,368.17"
19-Apr-18,"7,328.92"
18-Apr-18,"7,317.34"
17-Apr-18,"7,226.05"
16-Apr-18,"7,198.20"
13-Apr-18,"7,264.56"
12-Apr-18,"7,258.34"
11-Apr-18,"7,257.14"
10-Apr-18,"7,266.75"
9-Apr-18,"7,194.75"
6-Apr-18,"7,183.64"
5-Apr-18,"7,199.50"
4-Apr-18,"7,034.01"
3-Apr-18,"7,030.46"
29-Mar-18,"7,056.61"
28-Mar-18,"7,044.74"
27-Mar-18,"7,000.14"
26-Mar-18,"6,888.69"
23-Mar-18,"6,921.94"
22-Mar-18,"6,952.59"
21-Mar-18,"7,038.97"
20-Mar-18,"7,061.27"
19-Mar-18,"7,042.93"
16-Mar-18,"7,164.14"
15-Mar-18,"7,139.76"
14-Mar-18,"7,132.69"
13-Mar-18,"7,138.78"
12-Mar-18,"7,214.76"
9-Mar-18,"7,224.51"
8-Mar-18,"7,203.24"
7-Mar-18,"7,157.84"
6-Mar-18,"7,146.75"
5-Mar-18,"7,115.98"
2-Mar-18,"7,069.90"
1-Mar-18,"7,175.64"
28-Feb-18,"7,231.91"
27-Feb-18,"7,282.45"
26-Feb-18,"7,289.58"
23-Feb-18,"7,244.41"
22-Feb-18,"7,252.39"
21-Feb-18,"7,281.57"
20-Feb-18,"7,246.77"
19-Feb-18,"7,247.66"
16-Feb-18,"7,294.70"
15-Feb-18,"7,234.81"
14-Feb-18,"7,213.97"
13-Feb-18,"7,168.01"
12-Feb-18,"7,177.06"
9-Feb-18,"7,092.43"
8-Feb-18,"7,170.69"
7-Feb-18,"7,279.42"
6-Feb-18,"7,141.40"
5-Feb-18,"7,334.98"
2-Feb-18,"7,443.43"
1-Feb-18,"7,490.39"
31-Jan-18,"7,533.55"
30-Jan-18,"7,587.98"
29-Jan-18,"7,671.53"
26-Jan-18,"7,665.54"
25-Jan-18,"7,615.84"
24-Jan-18,"7,643.43"
23-Jan-18,"7,731.83"
22-Jan-18,"7,715.44"
19-Jan-18,"7,730.79"
18-Jan-18,"7,700.96"
17-Jan-18,"7,725.43"
16-Jan-18,"7,755.93"
15-Jan-18,"7,769.14"
12-Jan-18,"7,778.64"
11-Jan-18,"7,762.94"
10-Jan-18,"7,748.51"
9-Jan-18,"7,731.02"
8-Jan-18,"7,696.51"
5-Jan-18,"7,724.22"
4-Jan-18,"7,695.88"
3-Jan-18,"7,671.11"
2-Jan-18,"7,648.10"
29-Dec-17,"7,687.77"
28-Dec-17,"7,622.88"
27-Dec-17,"7,620.68"
22-Dec-17,"7,592.66"
21-Dec-17,"7,603.98"
20-Dec-17,"7,525.22"
19-Dec-17,"7,544.09"
18-Dec-17,"7,537.01"
15-Dec-17,"7,490.57"
14-Dec-17,"7,448.12"
13-Dec-17,"7,496.51"
12-Dec-17,"7,500.41"
11-Dec-17,"7,453.48"
8-Dec-17,"7,393.96"
7-Dec-17,"7,320.75"
6-Dec-17,"7,348.03"
5-Dec-17,"7,327.50"
4-Dec-17,"7,338.97"
1-Dec-17,"7,300.49"
30-Nov-17,"7,326.67"
29-Nov-17,"7,393.56"
28-Nov-17,"7,460.65"
27-Nov-17,"7,383.90"
24-Nov-17,"7,409.64"
23-Nov-17,"7,417.24"
22-Nov-17,"7,419.02"
21-Nov-17,"7,411.34"
20-Nov-17,"7,389.46"
17-Nov-17,"7,380.68"
16-Nov-17,"7,386.94"
15-Nov-17,"7,372.61"
14-Nov-17,"7,414.42"
13-Nov-17,"7,415.18"
10-Nov-17,"7,432.99"
9-Nov-17,"7,484.10"
8-Nov-17,"7,529.72"
7-Nov-17,"7,513.11"
6-Nov-17,"7,562.28"
3-Nov-17,"7,560.35"
2-Nov-17,"7,555.32"
1-Nov-17,"7,487.96"
31-Oct-17,"7,493.08"
30-Oct-17,"7,487.81"
27-Oct-17,"7,505.03"
26-Oct-17,"7,486.50"
25-Oct-17,"7,447.21"
24-Oct-17,"7,526.54"
23-Oct-17,"7,524.45"
20-Oct-17,"7,523.23"
19-Oct-17,"7,523.04"
18-Oct-17,"7,542.87"
17-Oct-17,"7,516.17"
16-Oct-17,"7,526.97"
13-Oct-17,"7,535.44"
12-Oct-17,"7,556.24"
11-Oct-17,"7,533.81"
10-Oct-17,"7,538.27"
9-Oct-17,"7,507.89"
6-Oct-17,"7,522.87"
5-Oct-17,"7,507.99"
4-Oct-17,"7,467.58"
3-Oct-17,"7,468.11"
2-Oct-17,"7,438.84"
29-Sep-17,"7,372.76"
28-Sep-17,"7,322.82"
27-Sep-17,"7,313.51"
26-Sep-17,"7,285.74"
25-Sep-17,"7,301.29"
22-Sep-17,"7,310.64"
21-Sep-17,"7,263.90"
20-Sep-17,"7,271.95"
19-Sep-17,"7,275.25"
18-Sep-17,"7,253.28"
15-Sep-17,"7,215.47"
14-Sep-17,"7,295.39"
13-Sep-17,"7,379.70"
12-Sep-17,"7,400.69"
11-Sep-17,"7,413.59"
8-Sep-17,"7,377.60"
7-Sep-17,"7,396.98"
6-Sep-17,"7,354.13"
5-Sep-17,"7,372.92"
4-Sep-17,"7,411.47"
1-Sep-17,"7,438.50"
31-Aug-17,"7,430.62"
30-Aug-17,"7,365.26"
29-Aug-17,"7,337.43"
25-Aug-17,"7,401.46"
24-Aug-17,"7,407.06"
23-Aug-17,"7,382.65"
22-Aug-17,"7,381.74"
21-Aug-17,"7,318.88"
18-Aug-17,"7,323.98"
17-Aug-17,"7,387.87"
16-Aug-17,"7,433.03"
15-Aug-17,"7,383.85"
14-Aug-17,"7,353.89"
11-Aug-17,"7,309.96"
10-Aug-17,"7,389.94"
9-Aug-17,"7,498.06"
8-Aug-17,"7,542.73"
7-Aug-17,"7,531.94"
4-Aug-17,"7,511.71"
3-Aug-17,"7,474.77"
2-Aug-17,"7,411.43"
1-Aug-17,"7,423.66"
31-Jul-17,"7,372.00"
28-Jul-17,"7,368.37"
27-Jul-17,"7,443.01"
26-Jul-17,"7,452.32"
25-Jul-17,"7,434.82"
24-Jul-17,"7,377.73"
21-Jul-17,"7,452.91"
20-Jul-17,"7,487.87"
19-Jul-17,"7,430.91"
18-Jul-17,"7,390.22"
17-Jul-17,"7,404.13"
14-Jul-17,"7,378.39"
13-Jul-17,"7,413.44"
12-Jul-17,"7,416.93"
11-Jul-17,"7,329.76"
10-Jul-17,"7,370.03"
7-Jul-17,"7,350.92"
6-Jul-17,"7,337.28"
5-Jul-17,"7,367.60"
4-Jul-17,"7,357.23"
3-Jul-17,"7,377.09"
30-Jun-17,"7,312.72"
29-Jun-17,"7,350.32"
28-Jun-17,"7,387.80"
27-Jun-17,"7,434.36"
26-Jun-17,"7,446.80"
23-Jun-17,"7,424.13"
22-Jun-17,"7,439.29"
21-Jun-17,"7,447.79"
20-Jun-17,"7,472.71"
19-Jun-17,"7,523.81"
16-Jun-17,"7,463.54"
15-Jun-17,"7,419.36"
14-Jun-17,"7,474.40"
13-Jun-17,"7,500.44"
12-Jun-17,"7,511.87"
9-Jun-17,"7,527.33"
8-Jun-17,"7,449.98"
7-Jun-17,"7,478.62"
6-Jun-17,"7,524.95"
5-Jun-17,"7,525.76"
2-Jun-17,"7,547.63"
1-Jun-17,"7,543.77"
31-May-17,"7,519.95"
30-May-17,"7,526.51"
26-May-17,"7,547.63"
25-May-17,"7,517.71"
24-May-17,"7,514.90"
23-May-17,"7,485.29"
22-May-17,"7,496.34"
19-May-17,"7,470.71"
18-May-17,"7,436.42"
17-May-17,"7,503.47"
16-May-17,"7,522.03"
15-May-17,"7,454.37"
12-May-17,"7,435.39"
11-May-17,"7,386.63"
10-May-17,"7,385.24"
9-May-17,"7,342.21"
8-May-17,"7,300.86"
5-May-17,"7,297.43"
4-May-17,"7,248.10"
3-May-17,"7,234.53"
2-May-17,"7,250.05"
28-Apr-17,"7,203.94"
27-Apr-17,"7,237.17"
26-Apr-17,"7,288.72"
25-Apr-17,"7,275.64"
24-Apr-17,"7,264.68"
21-Apr-17,"7,114.55"
20-Apr-17,"7,118.54"
19-Apr-17,"7,114.36"
18-Apr-17,"7,147.50"
13-Apr-17,"7,327.59"
12-Apr-17,"7,348.99"
11-Apr-17,"7,365.50"
10-Apr-17,"7,348.94"
7-Apr-17,"7,349.37"
6-Apr-17,"7,303.20"
5-Apr-17,"7,331.68"
4-Apr-17,"7,321.82"
3-Apr-17,"7,282.69"
31-Mar-17,"7,322.92"
30-Mar-17,"7,369.52"
29-Mar-17,"7,373.72"
28-Mar-17,"7,343.42"
27-Mar-17,"7,293.50"
24-Mar-17,"7,336.82"
23-Mar-17,"7,340.71"
22-Mar-17,"7,324.72"
21-Mar-17,"7,378.34"
20-Mar-17,"7,429.81"
17-Mar-17,"7,424.96"
16-Mar-17,"7,415.95"
15-Mar-17,"7,368.64"
14-Mar-17,"7,357.85"
13-Mar-17,"7,367.08"
10-Mar-17,"7,343.08"
9-Mar-17,"7,314.96"
8-Mar-17,"7,334.61"
7-Mar-17,"7,338.99"
6-Mar-17,"7,350.12"
3-Mar-17,"7,374.26"
2-Mar-17,"7,382.35"
1-Mar-17,"7,382.90"
28-Feb-17,"7,263.44"
27-Feb-17,"7,253.00"
24-Feb-17,"7,243.70"
23-Feb-17,"7,271.37"
22-Feb-17,"7,302.25"
21-Feb-17,"7,274.83"
20-Feb-17,"7,299.86"
17-Feb-17,"7,299.96"
16-Feb-17,"7,277.92"
15-Feb-17,"7,302.41"
14-Feb-17,"7,268.56"
13-Feb-17,"7,278.92"
10-Feb-17,"7,258.75"
9-Feb-17,"7,229.50"
8-Feb-17,"7,188.82"
7-Feb-17,"7,186.22"
6-Feb-17,"7,172.15"
3-Feb-17,"7,188.30"
2-Feb-17,"7,140.75"
1-Feb-17,"7,107.65"
31-Jan-17,"7,099.15"
30-Jan-17,"7,118.48"
27-Jan-17,"7,184.49"
26-Jan-17,"7,161.49"
25-Jan-17,"7,164.43"
24-Jan-17,"7,150.34"
23-Jan-17,"7,151.18"
20-Jan-17,"7,198.44"
19-Jan-17,"7,208.44"
18-Jan-17,"7,247.61"
17-Jan-17,"7,220.38"
16-Jan-17,"7,327.13"
13-Jan-17,"7,337.81"
12-Jan-17,"7,292.37"
11-Jan-17,"7,290.49"
10-Jan-17,"7,275.47"
9-Jan-17,"7,237.77"
6-Jan-17,"7,210.05"
5-Jan-17,"7,195.31"
4-Jan-17,"7,189.74"
3-Jan-17,"7,177.89"
30-Dec-16,"7,142.83"
29-Dec-16,"7,120.26"
28-Dec-16,"7,106.08"
23-Dec-16,"7,068.17"
22-Dec-16,"7,063.68"
21-Dec-16,"7,041.42"
20-Dec-16,"7,043.96"
19-Dec-16,"7,017.16"
16-Dec-16,"7,011.64"
15-Dec-16,"6,999.01"
14-Dec-16,"6,949.19"
13-Dec-16,"6,968.57"
12-Dec-16,"6,890.42"
9-Dec-16,"6,954.21"
8-Dec-16,"6,931.55"
7-Dec-16,"6,902.23"
6-Dec-16,"6,779.84"
5-Dec-16,"6,746.83"
2-Dec-16,"6,730.72"
1-Dec-16,"6,752.93"
30-Nov-16,"6,783.79"
29-Nov-16,"6,772.00"
28-Nov-16,"6,799.47"
25-Nov-16,"6,840.75"
24-Nov-16,"6,829.20"
23-Nov-16,"6,817.71"
22-Nov-16,"6,819.72"
21-Nov-16,"6,777.96"
18-Nov-16,"6,775.77"
17-Nov-16,"6,794.71"
16-Nov-16,"6,749.72"
15-Nov-16,"6,792.74"
14-Nov-16,"6,753.18"
11-Nov-16,"6,730.43"
10-Nov-16,"6,827.98"
9-Nov-16,"6,911.84"
8-Nov-16,"6,843.13"
7-Nov-16,"6,806.90"
4-Nov-16,"6,693.26"
3-Nov-16,"6,790.51"
2-Nov-16,"6,845.42"
1-Nov-16,"6,917.14"
31-Oct-16,"6,954.22"
28-Oct-16,"6,996.26"
27-Oct-16,"6,986.57"
26-Oct-16,"6,958.09"
25-Oct-16,"7,017.64"
24-Oct-16,"6,986.40"
21-Oct-16,"7,020.47"
20-Oct-16,"7,026.90"
19-Oct-16,"7,021.92"
18-Oct-16,"7,000.06"
17-Oct-16,"6,947.55"
14-Oct-16,"7,013.55"
13-Oct-16,"6,977.74"
12-Oct-16,"7,024.01"
11-Oct-16,"7,070.88"
10-Oct-16,"7,097.50"
7-Oct-16,"7,044.39"
6-Oct-16,"6,999.96"
5-Oct-16,"7,033.25"
4-Oct-16,"7,074.34"
3-Oct-16,"6,983.52"
30-Sep-16,"6,899.33"
29-Sep-16,"6,919.42"
28-Sep-16,"6,849.38"
27-Sep-16,"6,807.67"
26-Sep-16,"6,818.04"
23-Sep-16,"6,909.43"
22-Sep-16,"6,911.40"
21-Sep-16,"6,834.77"
20-Sep-16,"6,830.79"
19-Sep-16,"6,813.55"
16-Sep-16,"6,710.28"
15-Sep-16,"6,730.30"
14-Sep-16,"6,673.31"
13-Sep-16,"6,665.63"
12-Sep-16,"6,700.90"
9-Sep-16,"6,776.95"
8-Sep-16,"6,858.70"
7-Sep-16,"6,846.58"
6-Sep-16,"6,826.05"
5-Sep-16,"6,879.42"
2-Sep-16,"6,894.60"
1-Sep-16,"6,745.97"
31-Aug-16,"6,781.51"
30-Aug-16,"6,820.79"
26-Aug-16,"6,838.05"
25-Aug-16,"6,816.90"
24-Aug-16,"6,835.78"
23-Aug-16,"6,868.51"
22-Aug-16,"6,828.54"
19-Aug-16,"6,858.95"
18-Aug-16,"6,868.96"
17-Aug-16,"6,859.15"
16-Aug-16,"6,893.92"
15-Aug-16,"6,941.19"
12-Aug-16,"6,916.02"
11-Aug-16,"6,914.71"
10-Aug-16,"6,866.42"
9-Aug-16,"6,851.30"
8-Aug-16,"6,809.13"
5-Aug-16,"6,793.47"
4-Aug-16,"6,740.16"
3-Aug-16,"6,634.40"
2-Aug-16,"6,645.40"
1-Aug-16,"6,693.95"
29-Jul-16,"6,724.43"
28-Jul-16,"6,721.06"
27-Jul-16,"6,750.43"
26-Jul-16,"6,724.03"
25-Jul-16,"6,710.13"
22-Jul-16,"6,730.48"
21-Jul-16,"6,699.89"
20-Jul-16,"6,728.99"
19-Jul-16,"6,697.37"
18-Jul-16,"6,695.42"
15-Jul-16,"6,669.24"
14-Jul-16,"6,654.47"
13-Jul-16,"6,670.40"
12-Jul-16,"6,680.69"
11-Jul-16,"6,682.86"
8-Jul-16,"6,590.64"
7-Jul-16,"6,533.79"
6-Jul-16,"6,463.59"
5-Jul-16,"6,545.37"
4-Jul-16,"6,522.26"
1-Jul-16,"6,577.83"
30-Jun-16,"6,504.33"
29-Jun-16,"6,360.06"
28-Jun-16,"6,140.39"
27-Jun-16,"5,982.20"
24-Jun-16,"6,138.69"
23-Jun-16,"6,338.10"
22-Jun-16,"6,261.19"
21-Jun-16,"6,226.55"
20-Jun-16,"6,204.00"
17-Jun-16,"6,021.09"
16-Jun-16,"5,950.48"
15-Jun-16,"5,966.80"
14-Jun-16,"5,923.53"
13-Jun-16,"6,044.97"
10-Jun-16,"6,115.76"
9-Jun-16,"6,231.89"
8-Jun-16,"6,301.52"
7-Jun-16,"6,284.53"
6-Jun-16,"6,273.40"
3-Jun-16,"6,209.63"
2-Jun-16,"6,185.61"
1-Jun-16,"6,191.93"
31-May-16,"6,230.79"
27-May-16,"6,270.79"
26-May-16,"6,265.65"
25-May-16,"6,262.85"
24-May-16,"6,219.26"
23-May-16,"6,136.43"
20-May-16,"6,156.32"
19-May-16,"6,053.35"
18-May-16,"6,165.80"
17-May-16,"6,167.77"
16-May-16,"6,151.40"
13-May-16,"6,138.50"
12-May-16,"6,104.19"
11-May-16,"6,162.49"
10-May-16,"6,156.65"
9-May-16,"6,114.81"
6-May-16,"6,125.70"
5-May-16,"6,117.25"
4-May-16,"6,112.02"
3-May-16,"6,185.59"
29-Apr-16,"6,241.89"
28-Apr-16,"6,322.40"
27-Apr-16,"6,319.91"
26-Apr-16,"6,284.52"
25-Apr-16,"6,260.92"
22-Apr-16,"6,310.44"
21-Apr-16,"6,381.44"
20-Apr-16,"6,410.26"
19-Apr-16,"6,405.35"
18-Apr-16,"6,353.52"
15-Apr-16,"6,343.75"
14-Apr-16,"6,365.10"
13-Apr-16,"6,362.89"
12-Apr-16,"6,242.39"
11-Apr-16,"6,200.12"
8-Apr-16,"6,204.41"
7-Apr-16,"6,136.89"
6-Apr-16,"6,161.63"
5-Apr-16,"6,091.23"
4-Apr-16,"6,164.72"
1-Apr-16,"6,146.05"
31-Mar-16,"6,174.90"
30-Mar-16,"6,203.17"
29-Mar-16,"6,105.90"
24-Mar-16,"6,106.48"
23-Mar-16,"6,199.11"
22-Mar-16,"6,192.74"
21-Mar-16,"6,184.58"
18-Mar-16,"6,189.64"
17-Mar-16,"6,201.12"
16-Mar-16,"6,175.49"
15-Mar-16,"6,139.97"
14-Mar-16,"6,174.57"
11-Mar-16,"6,139.79"
10-Mar-16,"6,036.70"
9-Mar-16,"6,146.32"
8-Mar-16,"6,125.44"
7-Mar-16,"6,182.40"
4-Mar-16,"6,199.43"
3-Mar-16,"6,130.46"
2-Mar-16,"6,147.06"
1-Mar-16,"6,152.88"
29-Feb-16,"6,097.09"
26-Feb-16,"6,096.01"
25-Feb-16,"6,012.81"
24-Feb-16,"5,867.18"
23-Feb-16,"5,962.31"
22-Feb-16,"6,037.73"
19-Feb-16,"5,950.23"
18-Feb-16,"5,971.95"
17-Feb-16,"6,030.32"
16-Feb-16,"5,862.17"
15-Feb-16,"5,824.28"
12-Feb-16,"5,707.60"
11-Feb-16,"5,536.97"
10-Feb-16,"5,672.30"
9-Feb-16,"5,632.19"
8-Feb-16,"5,689.36"
5-Feb-16,"5,848.06"
4-Feb-16,"5,898.76"
3-Feb-16,"5,837.14"
2-Feb-16,"5,922.01"
1-Feb-16,"6,060.10"
29-Jan-16,"6,083.79"
28-Jan-16,"5,931.78"
27-Jan-16,"5,990.37"
26-Jan-16,"5,911.46"
25-Jan-16,"5,877.00"
22-Jan-16,"5,900.01"
21-Jan-16,"5,773.79"
20-Jan-16,"5,673.58"
19-Jan-16,"5,876.80"
18-Jan-16,"5,779.92"
15-Jan-16,"5,804.10"
14-Jan-16,"5,918.23"
13-Jan-16,"5,960.97"
12-Jan-16,"5,929.24"
11-Jan-16,"5,871.83"
8-Jan-16,"5,912.44"
7-Jan-16,"5,954.08"
6-Jan-16,"6,073.38"
5-Jan-16,"6,137.24"
4-Jan-16,"6,093.43"
31-Dec-15,"6,242.32"
30-Dec-15,"6,274.05"
29-Dec-15,"6,314.57"
24-Dec-15,"6,254.64"
23-Dec-15,"6,240.98"
22-Dec-15,"6,083.10"
21-Dec-15,"6,034.84"
18-Dec-15,"6,052.42"
17-Dec-15,"6,102.54"
16-Dec-15,"6,061.19"
15-Dec-15,"6,017.79"
14-Dec-15,"5,874.06"
11-Dec-15,"5,952.78"
10-Dec-15,"6,088.05"
9-Dec-15,"6,126.68"
8-Dec-15,"6,135.22"
7-Dec-15,"6,223.52"
4-Dec-15,"6,238.29"
3-Dec-15,"6,275.00"
2-Dec-15,"6,420.93"
1-Dec-15,"6,395.65"
30-Nov-15,"6,356.09"
27-Nov-15,"6,375.15"
26-Nov-15,"6,393.13"
25-Nov-15,"6,337.64"
24-Nov-15,"6,277.23"
23-Nov-15,"6,305.49"
20-Nov-15,"6,334.63"
19-Nov-15,"6,329.93"
18-Nov-15,"6,278.97"
17-Nov-15,"6,268.76"
16-Nov-15,"6,146.38"
13-Nov-15,"6,118.28"
12-Nov-15,"6,178.68"
11-Nov-15,"6,297.20"
10-Nov-15,"6,275.28"
9-Nov-15,"6,295.16"
6-Nov-15,"6,353.83"
5-Nov-15,"6,364.90"
4-Nov-15,"6,412.88"
3-Nov-15,"6,383.61"
2-Nov-15,"6,361.80"
30-Oct-15,"6,361.09"
29-Oct-15,"6,395.80"
28-Oct-15,"6,437.80"
27-Oct-15,"6,365.27"
26-Oct-15,"6,417.02"
23-Oct-15,"6,444.08"
22-Oct-15,"6,376.28"
21-Oct-15,"6,348.42"
20-Oct-15,"6,345.13"
19-Oct-15,"6,352.33"
16-Oct-15,"6,378.04"
15-Oct-15,"6,338.67"
14-Oct-15,"6,269.61"
13-Oct-15,"6,342.28"
12-Oct-15,"6,371.18"
9-Oct-15,"6,416.16"
8-Oct-15,"6,374.82"
7-Oct-15,"6,336.35"
6-Oct-15,"6,326.16"
5-Oct-15,"6,298.92"
2-Oct-15,"6,129.98"
1-Oct-15,"6,072.47"
30-Sep-15,"6,061.61"
29-Sep-15,"5,909.24"
28-Sep-15,"5,958.86"
25-Sep-15,"6,109.01"
24-Sep-15,"5,961.49"
23-Sep-15,"6,032.24"
22-Sep-15,"5,935.84"
21-Sep-15,"6,108.71"
18-Sep-15,"6,104.11"
17-Sep-15,"6,186.99"
16-Sep-15,"6,229.21"
15-Sep-15,"6,137.60"
14-Sep-15,"6,084.59"
11-Sep-15,"6,117.76"
10-Sep-15,"6,155.81"
9-Sep-15,"6,229.01"
8-Sep-15,"6,146.10"
7-Sep-15,"6,074.52"
4-Sep-15,"6,042.92"
3-Sep-15,"6,194.10"
2-Sep-15,"6,083.31"
1-Sep-15,"6,058.54"
28-Aug-15,"6,247.94"
27-Aug-15,"6,192.03"
26-Aug-15,"5,979.20"
25-Aug-15,"6,081.34"
24-Aug-15,"5,898.87"
21-Aug-15,"6,187.65"
20-Aug-15,"6,367.89"
19-Aug-15,"6,403.45"
18-Aug-15,"6,526.29"
17-Aug-15,"6,550.30"
14-Aug-15,"6,550.74"
13-Aug-15,"6,568.33"
12-Aug-15,"6,571.19"
11-Aug-15,"6,664.54"
10-Aug-15,"6,736.22"
7-Aug-15,"6,718.49"
6-Aug-15,"6,747.09"
5-Aug-15,"6,752.41"
4-Aug-15,"6,686.57"
3-Aug-15,"6,688.62"
31-Jul-15,"6,696.28"
30-Jul-15,"6,668.87"
29-Jul-15,"6,631.00"
28-Jul-15,"6,555.28"
27-Jul-15,"6,505.13"
24-Jul-15,"6,579.81"
23-Jul-15,"6,655.01"
22-Jul-15,"6,667.34"
21-Jul-15,"6,769.07"
20-Jul-15,"6,788.69"
17-Jul-15,"6,775.08"
16-Jul-15,"6,796.45"
15-Jul-15,"6,753.75"
14-Jul-15,"6,753.75"
13-Jul-15,"6,737.95"
10-Jul-15,"6,673.38"
9-Jul-15,"6,581.63"
8-Jul-15,"6,490.70"
7-Jul-15,"6,432.21"
6-Jul-15,"6,535.68"
3-Jul-15,"6,585.78"
2-Jul-15,"6,630.47"
1-Jul-15,"6,608.59"
30-Jun-15,"6,520.98"
29-Jun-15,"6,620.48"
26-Jun-15,"6,753.70"
25-Jun-15,"6,807.82"
24-Jun-15,"6,844.80"
23-Jun-15,"6,834.87"
22-Jun-15,"6,825.67"
19-Jun-15,"6,710.45"
18-Jun-15,"6,707.88"
17-Jun-15,"6,680.55"
16-Jun-15,"6,710.10"
15-Jun-15,"6,710.52"
12-Jun-15,"6,784.92"
11-Jun-15,"6,846.74"
10-Jun-15,"6,830.27"
9-Jun-15,"6,753.80"
8-Jun-15,"6,790.04"
5-Jun-15,"6,804.60"
4-Jun-15,"6,859.24"
3-Jun-15,"6,950.46"
2-Jun-15,"6,928.27"
1-Jun-15,"6,953.58"
29-May-15,"6,984.43"
28-May-15,"7,040.92"
27-May-15,"7,033.33"
26-May-15,"6,948.99"
22-May-15,"7,031.72"
21-May-15,"7,013.47"
20-May-15,"7,007.26"
19-May-15,"6,995.10"
18-May-15,"6,968.87"
15-May-15,"6,960.49"
14-May-15,"6,973.04"
13-May-15,"6,949.63"
12-May-15,"6,933.80"
11-May-15,"7,029.85"
8-May-15,"7,046.82"
7-May-15,"6,886.95"
6-May-15,"6,933.74"
5-May-15,"6,927.58"
1-May-15,"6,985.95"
30-Apr-15,"6,960.63"
29-Apr-15,"6,946.28"
28-Apr-15,"7,030.53"
27-Apr-15,"7,103.98"
24-Apr-15,"7,070.70"
23-Apr-15,"7,053.67"
22-Apr-15,"7,028.24"
21-Apr-15,"7,062.93"
20-Apr-15,"7,052.13"
17-Apr-15,"6,994.63"
16-Apr-15,"7,060.45"
15-Apr-15,"7,096.78"
14-Apr-15,"7,075.26"
13-Apr-15,"7,064.30"
10-Apr-15,"7,089.77"
9-Apr-15,"7,015.36"
8-Apr-15,"6,937.41"
7-Apr-15,"6,961.77"
2-Apr-15,"6,833.46"
1-Apr-15,"6,809.50"
31-Mar-15,"6,773.04"
30-Mar-15,"6,891.43"
27-Mar-15,"6,855.02"
26-Mar-15,"6,895.33"
25-Mar-15,"6,990.97"
24-Mar-15,"7,019.68"
23-Mar-15,"7,037.67"
20-Mar-15,"7,022.51"
19-Mar-15,"6,962.32"
18-Mar-15,"6,945.20"
17-Mar-15,"6,837.61"
16-Mar-15,"6,804.08"
13-Mar-15,"6,740.58"
12-Mar-15,"6,761.07"
11-Mar-15,"6,721.51"
10-Mar-15,"6,702.84"
9-Mar-15,"6,876.47"
6-Mar-15,"6,911.80"
5-Mar-15,"6,961.14"
4-Mar-15,"6,919.24"
3-Mar-15,"6,889.13"
2-Mar-15,"6,940.64"
27-Feb-15,"6,946.66"
26-Feb-15,"6,949.73"
25-Feb-15,"6,935.38"
24-Feb-15,"6,949.63"
23-Feb-15,"6,912.16"
20-Feb-15,"6,915.20"
19-Feb-15,"6,888.90"
18-Feb-15,"6,898.08"
17-Feb-15,"6,898.13"
16-Feb-15,"6,857.05"
13-Feb-15,"6,873.52"
12-Feb-15,"6,828.11"
11-Feb-15,"6,818.17"
10-Feb-15,"6,829.12"
9-Feb-15,"6,837.15"
6-Feb-15,"6,853.44"
5-Feb-15,"6,865.93"
4-Feb-15,"6,860.02"
3-Feb-15,"6,871.80"
2-Feb-15,"6,782.55"
30-Jan-15,"6,749.40"
29-Jan-15,"6,810.60"
28-Jan-15,"6,825.94"
27-Jan-15,"6,811.61"
26-Jan-15,"6,852.40"
23-Jan-15,"6,832.83"
22-Jan-15,"6,796.63"
21-Jan-15,"6,728.04"
20-Jan-15,"6,620.10"
19-Jan-15,"6,585.53"
16-Jan-15,"6,550.27"
15-Jan-15,"6,498.78"
14-Jan-15,"6,388.46"
13-Jan-15,"6,542.20"
12-Jan-15,"6,501.42"
9-Jan-15,"6,501.14"
8-Jan-15,"6,569.96"
7-Jan-15,"6,419.83"
6-Jan-15,"6,366.51"
5-Jan-15,"6,417.16"
2-Jan-15,"6,547.80"
31-Dec-14,"6,566.09"
30-Dec-14,"6,547.00"
29-Dec-14,"6,633.51"
24-Dec-14,"6,609.93"
23-Dec-14,"6,598.18"
22-Dec-14,"6,576.74"
19-Dec-14,"6,545.27"
18-Dec-14,"6,466.00"
17-Dec-14,"6,336.48"
16-Dec-14,"6,331.83"
15-Dec-14,"6,182.72"
12-Dec-14,"6,300.63"
11-Dec-14,"6,461.70"
10-Dec-14,"6,500.04"
9-Dec-14,"6,529.47"
8-Dec-14,"6,672.15"
5-Dec-14,"6,742.84"
4-Dec-14,"6,679.37"
3-Dec-14,"6,716.63"
2-Dec-14,"6,742.10"
1-Dec-14,"6,656.37"
28-Nov-14,"6,722.62"
27-Nov-14,"6,723.42"
26-Nov-14,"6,729.17"
25-Nov-14,"6,731.14"
24-Nov-14,"6,729.79"
21-Nov-14,"6,750.76"
20-Nov-14,"6,678.90"
19-Nov-14,"6,696.60"
18-Nov-14,"6,709.13"
17-Nov-14,"6,671.97"
14-Nov-14,"6,654.37"
13-Nov-14,"6,635.45"
12-Nov-14,"6,611.04"
11-Nov-14,"6,627.40"
10-Nov-14,"6,611.25"
7-Nov-14,"6,567.24"
6-Nov-14,"6,551.15"
5-Nov-14,"6,539.14"
4-Nov-14,"6,453.97"
3-Nov-14,"6,487.97"
31-Oct-14,"6,546.47"
30-Oct-14,"6,463.55"
29-Oct-14,"6,453.87"
28-Oct-14,"6,402.17"
27-Oct-14,"6,363.46"
24-Oct-14,"6,388.73"
23-Oct-14,"6,419.15"
22-Oct-14,"6,399.73"
21-Oct-14,"6,372.33"
20-Oct-14,"6,267.07"
17-Oct-14,"6,310.29"
16-Oct-14,"6,195.91"
15-Oct-14,"6,211.64"
14-Oct-14,"6,392.68"
13-Oct-14,"6,366.24"
10-Oct-14,"6,339.97"
9-Oct-14,"6,431.85"
8-Oct-14,"6,482.24"
7-Oct-14,"6,495.58"
6-Oct-14,"6,563.65"
3-Oct-14,"6,527.91"
2-Oct-14,"6,446.39"
1-Oct-14,"6,557.52"
30-Sep-14,"6,622.72"
29-Sep-14,"6,646.60"
26-Sep-14,"6,649.39"
25-Sep-14,"6,639.71"
24-Sep-14,"6,706.27"
23-Sep-14,"6,676.08"
22-Sep-14,"6,773.63"
19-Sep-14,"6,837.92"
18-Sep-14,"6,819.29"
17-Sep-14,"6,780.90"
16-Sep-14,"6,792.24"
15-Sep-14,"6,804.21"
12-Sep-14,"6,806.96"
11-Sep-14,"6,799.62"
10-Sep-14,"6,830.11"
9-Sep-14,"6,829.00"
8-Sep-14,"6,834.77"
5-Sep-14,"6,855.10"
4-Sep-14,"6,877.97"
3-Sep-14,"6,873.58"
2-Sep-14,"6,829.17"
1-Sep-14,"6,825.31"
29-Aug-14,"6,819.75"
28-Aug-14,"6,805.80"
27-Aug-14,"6,830.66"
26-Aug-14,"6,822.76"
22-Aug-14,"6,775.25"
21-Aug-14,"6,777.66"
20-Aug-14,"6,755.48"
19-Aug-14,"6,779.31"
18-Aug-14,"6,741.25"
15-Aug-14,"6,689.08"
14-Aug-14,"6,685.26"
13-Aug-14,"6,656.68"
12-Aug-14,"6,632.42"
11-Aug-14,"6,632.82"
8-Aug-14,"6,567.36"
7-Aug-14,"6,597.37"
6-Aug-14,"6,636.16"
5-Aug-14,"6,682.48"
4-Aug-14,"6,677.52"
1-Aug-14,"6,679.18"
31-Jul-14,"6,730.11"
30-Jul-14,"6,773.44"
29-Jul-14,"6,807.75"
28-Jul-14,"6,788.07"
25-Jul-14,"6,791.55"
24-Jul-14,"6,821.46"
23-Jul-14,"6,798.15"
22-Jul-14,"6,795.34"
21-Jul-14,"6,728.44"
18-Jul-14,"6,749.45"
17-Jul-14,"6,738.32"
16-Jul-14,"6,784.67"
15-Jul-14,"6,710.45"
14-Jul-14,"6,746.14"
11-Jul-14,"6,690.17"
10-Jul-14,"6,672.37"
9-Jul-14,"6,718.04"
8-Jul-14,"6,738.45"
7-Jul-14,"6,823.51"
4-Jul-14,"6,866.05"
3-Jul-14,"6,865.21"
2-Jul-14,"6,816.37"
1-Jul-14,"6,802.92"
30-Jun-14,"6,743.94"
27-Jun-14,"6,757.77"
26-Jun-14,"6,735.12"
25-Jun-14,"6,733.62"
24-Jun-14,"6,787.07"
23-Jun-14,"6,800.56"
20-Jun-14,"6,825.20"
19-Jun-14,"6,808.11"
18-Jun-14,"6,778.56"
17-Jun-14,"6,766.77"
16-Jun-14,"6,754.64"
13-Jun-14,"6,777.85"
12-Jun-14,"6,843.11"
11-Jun-14,"6,838.87"
10-Jun-14,"6,873.55"
9-Jun-14,"6,875.00"
6-Jun-14,"6,858.21"
5-Jun-14,"6,813.49"
4-Jun-14,"6,818.63"
3-Jun-14,"6,836.30"
2-Jun-14,"6,864.10"
30-May-14,"6,844.51"
29-May-14,"6,871.29"
28-May-14,"6,851.22"
27-May-14,"6,844.94"
23-May-14,"6,815.75"
22-May-14,"6,820.56"
21-May-14,"6,821.04"
20-May-14,"6,802.00"
19-May-14,"6,844.55"
16-May-14,"6,855.81"
15-May-14,"6,840.89"
14-May-14,"6,878.49"
13-May-14,"6,873.08"
12-May-14,"6,851.75"
9-May-14,"6,814.57"
8-May-14,"6,839.25"
7-May-14,"6,796.44"
6-May-14,"6,798.56"
2-May-14,"6,822.42"
1-May-14,"6,808.87"
30-Apr-14,"6,780.03"
29-Apr-14,"6,769.91"
28-Apr-14,"6,700.16"
25-Apr-14,"6,685.69"
24-Apr-14,"6,703.00"
23-Apr-14,"6,674.74"
22-Apr-14,"6,681.76"
17-Apr-14,"6,625.25"
16-Apr-14,"6,584.17"
15-Apr-14,"6,541.61"
14-Apr-14,"6,583.76"
11-Apr-14,"6,561.70"
10-Apr-14,"6,641.97"
9-Apr-14,"6,635.61"
8-Apr-14,"6,590.69"
7-Apr-14,"6,622.84"
4-Apr-14,"6,695.55"
3-Apr-14,"6,649.14"
2-Apr-14,"6,659.04"
1-Apr-14,"6,652.61"
31-Mar-14,"6,598.37"
28-Mar-14,"6,615.58"
27-Mar-14,"6,588.32"
26-Mar-14,"6,605.30"
25-Mar-14,"6,604.89"
24-Mar-14,"6,520.39"
21-Mar-14,"6,557.17"
20-Mar-14,"6,542.44"
19-Mar-14,"6,573.13"
18-Mar-14,"6,605.28"
17-Mar-14,"6,568.35"
14-Mar-14,"6,527.89"
13-Mar-14,"6,553.78"
12-Mar-14,"6,620.90"
11-Mar-14,"6,685.52"
10-Mar-14,"6,689.45"
7-Mar-14,"6,712.67"
6-Mar-14,"6,788.49"
5-Mar-14,"6,775.42"
4-Mar-14,"6,823.77"
3-Mar-14,"6,708.35"
28-Feb-14,"6,809.70"
27-Feb-14,"6,810.27"
26-Feb-14,"6,799.15"
25-Feb-14,"6,830.50"
24-Feb-14,"6,865.86"
21-Feb-14,"6,838.06"
20-Feb-14,"6,812.99"
19-Feb-14,"6,796.71"
18-Feb-14,"6,796.43"
17-Feb-14,"6,736.00"
14-Feb-14,"6,663.62"
13-Feb-14,"6,659.42"
12-Feb-14,"6,675.03"
11-Feb-14,"6,672.66"
10-Feb-14,"6,591.55"
7-Feb-14,"6,571.68"
6-Feb-14,"6,558.28"
5-Feb-14,"6,457.89"
4-Feb-14,"6,449.27"
3-Feb-14,"6,465.66"
31-Jan-14,"6,510.44"
30-Jan-14,"6,538.45"
29-Jan-14,"6,544.28"
28-Jan-14,"6,572.33"
27-Jan-14,"6,550.66"
24-Jan-14,"6,663.74"
23-Jan-14,"6,773.28"
22-Jan-14,"6,826.33"
21-Jan-14,"6,834.26"
20-Jan-14,"6,836.73"
17-Jan-14,"6,829.30"
16-Jan-14,"6,815.42"
15-Jan-14,"6,819.86"
14-Jan-14,"6,766.86"
13-Jan-14,"6,757.15"
10-Jan-14,"6,739.94"
9-Jan-14,"6,691.34"
8-Jan-14,"6,721.78"
7-Jan-14,"6,755.45"
6-Jan-14,"6,730.73"
3-Jan-14,"6,730.67"
2-Jan-14,"6,717.91"
31-Dec-13,"6,749.09"
30-Dec-13,"6,731.27"
27-Dec-13,"6,750.87"
24-Dec-13,"6,694.17"
23-Dec-13,"6,678.61"
20-Dec-13,"6,606.58"
19-Dec-13,"6,584.70"
18-Dec-13,"6,492.08"
17-Dec-13,"6,486.19"
16-Dec-13,"6,522.20"
13-Dec-13,"6,439.96"
12-Dec-13,"6,445.25"
11-Dec-13,"6,507.72"
10-Dec-13,"6,523.31"
9-Dec-13,"6,559.48"
6-Dec-13,"6,551.99"
5-Dec-13,"6,498.33"
4-Dec-13,"6,509.97"
3-Dec-13,"6,532.43"
2-Dec-13,"6,595.33"
29-Nov-13,"6,650.57"
28-Nov-13,"6,654.47"
27-Nov-13,"6,649.47"
26-Nov-13,"6,636.22"
25-Nov-13,"6,694.62"
22-Nov-13,"6,674.30"
21-Nov-13,"6,681.33"
20-Nov-13,"6,681.08"
19-Nov-13,"6,698.01"
18-Nov-13,"6,723.46"
15-Nov-13,"6,693.44"
14-Nov-13,"6,666.13"
13-Nov-13,"6,630.00"
12-Nov-13,"6,726.79"
11-Nov-13,"6,728.37"
8-Nov-13,"6,708.42"
7-Nov-13,"6,697.22"
6-Nov-13,"6,741.69"
5-Nov-13,"6,746.84"
4-Nov-13,"6,763.62"
1-Nov-13,"6,734.74"
31-Oct-13,"6,731.43"
30-Oct-13,"6,777.70"
29-Oct-13,"6,774.73"
28-Oct-13,"6,725.82"
25-Oct-13,"6,721.34"
24-Oct-13,"6,713.18"
23-Oct-13,"6,674.48"
22-Oct-13,"6,695.66"
21-Oct-13,"6,654.20"
18-Oct-13,"6,622.58"
17-Oct-13,"6,576.16"
16-Oct-13,"6,571.59"
15-Oct-13,"6,549.11"
14-Oct-13,"6,507.65"
11-Oct-13,"6,487.19"
10-Oct-13,"6,430.49"
9-Oct-13,"6,337.91"
8-Oct-13,"6,365.83"
7-Oct-13,"6,437.28"
4-Oct-13,"6,453.88"
3-Oct-13,"6,449.04"
2-Oct-13,"6,437.50"
1-Oct-13,"6,460.01"
30-Sep-13,"6,462.22"
27-Sep-13,"6,512.66"
26-Sep-13,"6,565.59"
25-Sep-13,"6,551.53"
24-Sep-13,"6,571.46"
23-Sep-13,"6,557.37"
20-Sep-13,"6,596.43"
19-Sep-13,"6,625.39"
18-Sep-13,"6,558.82"
17-Sep-13,"6,570.17"
16-Sep-13,"6,622.86"
13-Sep-13,"6,583.80"
12-Sep-13,"6,588.98"
11-Sep-13,"6,588.43"
10-Sep-13,"6,583.99"
9-Sep-13,"6,530.74"
6-Sep-13,"6,547.33"
5-Sep-13,"6,532.44"
4-Sep-13,"6,474.74"
3-Sep-13,"6,468.41"
2-Sep-13,"6,506.19"
30-Aug-13,"6,412.93"
29-Aug-13,"6,483.05"
28-Aug-13,"6,430.06"
27-Aug-13,"6,440.97"
23-Aug-13,"6,492.10"
22-Aug-13,"6,446.87"
21-Aug-13,"6,390.84"
20-Aug-13,"6,453.46"
19-Aug-13,"6,465.73"
16-Aug-13,"6,499.99"
15-Aug-13,"6,483.34"
14-Aug-13,"6,587.43"
13-Aug-13,"6,611.94"
12-Aug-13,"6,574.34"
9-Aug-13,"6,583.39"
8-Aug-13,"6,529.68"
7-Aug-13,"6,511.21"
6-Aug-13,"6,604.21"
5-Aug-13,"6,619.58"
2-Aug-13,"6,647.87"
1-Aug-13,"6,681.98"
31-Jul-13,"6,621.06"
30-Jul-13,"6,570.95"
29-Jul-13,"6,560.25"
26-Jul-13,"6,554.79"
25-Jul-13,"6,587.95"
24-Jul-13,"6,620.43"
23-Jul-13,"6,597.44"
22-Jul-13,"6,623.17"
19-Jul-13,"6,630.67"
18-Jul-13,"6,634.36"
17-Jul-13,"6,571.93"
16-Jul-13,"6,556.35"
15-Jul-13,"6,586.11"
12-Jul-13,"6,544.94"
11-Jul-13,"6,543.41"
10-Jul-13,"6,504.96"
9-Jul-13,"6,513.08"
8-Jul-13,"6,450.07"
5-Jul-13,"6,375.52"
4-Jul-13,"6,421.67"
3-Jul-13,"6,229.87"
2-Jul-13,"6,303.94"
1-Jul-13,"6,307.78"
28-Jun-13,"6,215.47"
27-Jun-13,"6,243.40"
26-Jun-13,"6,165.48"
25-Jun-13,"6,101.91"
24-Jun-13,"6,029.10"
21-Jun-13,"6,116.17"
20-Jun-13,"6,159.51"
19-Jun-13,"6,348.82"
18-Jun-13,"6,374.21"
17-Jun-13,"6,330.49"
14-Jun-13,"6,308.26"
13-Jun-13,"6,304.63"
12-Jun-13,"6,299.45"
11-Jun-13,"6,340.08"
10-Jun-13,"6,400.45"
7-Jun-13,"6,411.99"
6-Jun-13,"6,336.11"
5-Jun-13,"6,419.31"
4-Jun-13,"6,558.58"
3-Jun-13,"6,525.12"
31-May-13,"6,583.09"
30-May-13,"6,656.99"
29-May-13,"6,627.17"
28-May-13,"6,762.01"
24-May-13,"6,654.34"
23-May-13,"6,696.79"
22-May-13,"6,840.27"
21-May-13,"6,803.87"
20-May-13,"6,755.63"
17-May-13,"6,723.06"
16-May-13,"6,687.80"
15-May-13,"6,693.55"
14-May-13,"6,686.06"
13-May-13,"6,631.76"
10-May-13,"6,624.98"
9-May-13,"6,592.74"
8-May-13,"6,583.48"
7-May-13,"6,557.30"
3-May-13,"6,521.46"
2-May-13,"6,460.71"
1-May-13,"6,451.29"
30-Apr-13,"6,430.12"
29-Apr-13,"6,458.02"
26-Apr-13,"6,426.42"
25-Apr-13,"6,442.59"
24-Apr-13,"6,431.76"
23-Apr-13,"6,406.12"
22-Apr-13,"6,280.62"
19-Apr-13,"6,286.59"
18-Apr-13,"6,243.67"
17-Apr-13,"6,244.21"
16-Apr-13,"6,304.58"
15-Apr-13,"6,343.60"
12-Apr-13,"6,384.39"
11-Apr-13,"6,416.14"
10-Apr-13,"6,387.37"
9-Apr-13,"6,313.21"
8-Apr-13,"6,276.94"
5-Apr-13,"6,249.78"
4-Apr-13,"6,344.12"
3-Apr-13,"6,420.28"
2-Apr-13,"6,490.66"
28-Mar-13,"6,411.74"
27-Mar-13,"6,387.56"
26-Mar-13,"6,399.37"
25-Mar-13,"6,378.38"
22-Mar-13,"6,392.76"
21-Mar-13,"6,388.55"
20-Mar-13,"6,432.70"
19-Mar-13,"6,441.32"
18-Mar-13,"6,457.92"
15-Mar-13,"6,489.65"
14-Mar-13,"6,529.41"
13-Mar-13,"6,481.50"
12-Mar-13,"6,510.62"
11-Mar-13,"6,503.63"
8-Mar-13,"6,483.58"
7-Mar-13,"6,439.16"
6-Mar-13,"6,427.64"
5-Mar-13,"6,431.95"
4-Mar-13,"6,345.63"
1-Mar-13,"6,378.60"
28-Feb-13,"6,360.81"
27-Feb-13,"6,325.88"
26-Feb-13,"6,270.44"
25-Feb-13,"6,355.37"
22-Feb-13,"6,335.70"
21-Feb-13,"6,291.54"
20-Feb-13,"6,395.37"
19-Feb-13,"6,379.07"
18-Feb-13,"6,318.19"
15-Feb-13,"6,328.26"
14-Feb-13,"6,327.36"
13-Feb-13,"6,359.11"
12-Feb-13,"6,338.38"
11-Feb-13,"6,277.06"
8-Feb-13,"6,263.93"
7-Feb-13,"6,228.42"
6-Feb-13,"6,295.34"
5-Feb-13,"6,282.76"
4-Feb-13,"6,246.84"
1-Feb-13,"6,347.24"
31-Jan-13,"6,276.88"
30-Jan-13,"6,323.11"
29-Jan-13,"6,339.19"
28-Jan-13,"6,294.41"
25-Jan-13,"6,284.45"
24-Jan-13,"6,264.91"
23-Jan-13,"6,197.64"
22-Jan-13,"6,179.17"
21-Jan-13,"6,180.98"
18-Jan-13,"6,154.41"
17-Jan-13,"6,132.36"
16-Jan-13,"6,103.98"
15-Jan-13,"6,117.31"
14-Jan-13,"6,107.86"
11-Jan-13,"6,121.58"
10-Jan-13,"6,101.51"
9-Jan-13,"6,098.65"
8-Jan-13,"6,053.63"
7-Jan-13,"6,064.58"
4-Jan-13,"6,089.84"
3-Jan-13,"6,047.34"
2-Jan-13,"6,027.37"
31-Dec-12,"5,897.81"
28-Dec-12,"5,925.37"
27-Dec-12,"5,954.30"
24-Dec-12,"5,954.18"
21-Dec-12,"5,939.99"
20-Dec-12,"5,958.34"
19-Dec-12,"5,961.59"
18-Dec-12,"5,935.90"
17-Dec-12,"5,912.15"
14-Dec-12,"5,921.76"
13-Dec-12,"5,929.61"
12-Dec-12,"5,945.85"
11-Dec-12,"5,924.97"
10-Dec-12,"5,921.63"
7-Dec-12,"5,914.40"
6-Dec-12,"5,901.42"
5-Dec-12,"5,892.08"
4-Dec-12,"5,869.04"
3-Dec-12,"5,871.24"
30-Nov-12,"5,866.82"
29-Nov-12,"5,870.30"
28-Nov-12,"5,803.28"
27-Nov-12,"5,799.71"
26-Nov-12,"5,786.72"
23-Nov-12,"5,819.14"
22-Nov-12,"5,791.03"
21-Nov-12,"5,752.03"
20-Nov-12,"5,748.10"
19-Nov-12,"5,737.66"
16-Nov-12,"5,605.59"
15-Nov-12,"5,677.75"
14-Nov-12,"5,722.01"
13-Nov-12,"5,786.25"
12-Nov-12,"5,767.27"
9-Nov-12,"5,769.68"
8-Nov-12,"5,776.05"
7-Nov-12,"5,791.63"
6-Nov-12,"5,884.90"
5-Nov-12,"5,839.06"
2-Nov-12,"5,868.55"
1-Nov-12,"5,861.92"
31-Oct-12,"5,782.70"
30-Oct-12,"5,849.90"
29-Oct-12,"5,795.10"
26-Oct-12,"5,806.71"
25-Oct-12,"5,805.05"
24-Oct-12,"5,804.78"
23-Oct-12,"5,797.91"
22-Oct-12,"5,882.91"
19-Oct-12,"5,896.15"
18-Oct-12,"5,917.05"
17-Oct-12,"5,910.91"
16-Oct-12,"5,870.54"
15-Oct-12,"5,805.61"
12-Oct-12,"5,793.32"
11-Oct-12,"5,829.75"
10-Oct-12,"5,776.71"
9-Oct-12,"5,810.25"
8-Oct-12,"5,841.74"
5-Oct-12,"5,871.02"
4-Oct-12,"5,827.78"
3-Oct-12,"5,825.81"
2-Oct-12,"5,809.45"
1-Oct-12,"5,820.45"
28-Sep-12,"5,742.07"
27-Sep-12,"5,779.42"
26-Sep-12,"5,768.09"
25-Sep-12,"5,859.71"
24-Sep-12,"5,838.84"
21-Sep-12,"5,852.62"
20-Sep-12,"5,854.64"
19-Sep-12,"5,888.48"
18-Sep-12,"5,868.16"
17-Sep-12,"5,893.52"
14-Sep-12,"5,915.55"
13-Sep-12,"5,819.92"
12-Sep-12,"5,782.08"
11-Sep-12,"5,792.19"
10-Sep-12,"5,793.20"
7-Sep-12,"5,794.80"
6-Sep-12,"5,777.34"
5-Sep-12,"5,657.86"
4-Sep-12,"5,672.01"
3-Sep-12,"5,758.41"
31-Aug-12,"5,711.48"
30-Aug-12,"5,719.45"
29-Aug-12,"5,743.53"
28-Aug-12,"5,775.71"
24-Aug-12,"5,776.60"
23-Aug-12,"5,776.60"
22-Aug-12,"5,774.20"
21-Aug-12,"5,857.52"
20-Aug-12,"5,824.37"
17-Aug-12,"5,852.42"
16-Aug-12,"5,834.51"
15-Aug-12,"5,833.04"
14-Aug-12,"5,864.78"
13-Aug-12,"5,831.88"
10-Aug-12,"5,847.11"
9-Aug-12,"5,851.51"
8-Aug-12,"5,845.92"
7-Aug-12,"5,841.24"
6-Aug-12,"5,808.77"
3-Aug-12,"5,787.28"
2-Aug-12,"5,662.30"
1-Aug-12,"5,712.82"
31-Jul-12,"5,635.28"
30-Jul-12,"5,693.63"
27-Jul-12,"5,627.21"
26-Jul-12,"5,573.16"
25-Jul-12,"5,498.32"
24-Jul-12,"5,499.23"
23-Jul-12,"5,533.87"
20-Jul-12,"5,651.77"
19-Jul-12,"5,714.19"
18-Jul-12,"5,685.77"
17-Jul-12,"5,629.09"
16-Jul-12,"5,662.43"
13-Jul-12,"5,666.13"
12-Jul-12,"5,608.25"
11-Jul-12,"5,664.48"
10-Jul-12,"5,664.07"
9-Jul-12,"5,627.33"
6-Jul-12,"5,662.63"
5-Jul-12,"5,692.63"
4-Jul-12,"5,684.47"
3-Jul-12,"5,687.73"
2-Jul-12,"5,640.64"
29-Jun-12,"5,571.15"
28-Jun-12,"5,493.06"
27-Jun-12,"5,523.92"
26-Jun-12,"5,446.96"
25-Jun-12,"5,450.65"
22-Jun-12,"5,513.69"
21-Jun-12,"5,566.36"
20-Jun-12,"5,622.29"
19-Jun-12,"5,586.31"
18-Jun-12,"5,491.09"
15-Jun-12,"5,478.81"
14-Jun-12,"5,467.05"
13-Jun-12,"5,483.81"
12-Jun-12,"5,473.74"
11-Jun-12,"5,432.37"
8-Jun-12,"5,435.08"
7-Jun-12,"5,447.79"
6-Jun-12,"5,384.11"
1-Jun-12,"5,260.19"
31-May-12,"5,320.86"
30-May-12,"5,297.28"
29-May-12,"5,391.14"
28-May-12,"5,356.34"
25-May-12,"5,351.53"
24-May-12,"5,350.05"
23-May-12,"5,266.41"
22-May-12,"5,403.28"
21-May-12,"5,304.48"
18-May-12,"5,267.62"
17-May-12,"5,338.38"
16-May-12,"5,405.25"
15-May-12,"5,437.62"
14-May-12,"5,465.52"
11-May-12,"5,575.52"
10-May-12,"5,543.95"
9-May-12,"5,530.05"
8-May-12,"5,554.55"
4-May-12,"5,655.06"
3-May-12,"5,766.55"
2-May-12,"5,758.11"
1-May-12,"5,812.23"
30-Apr-12,"5,737.78"
27-Apr-12,"5,777.11"
26-Apr-12,"5,748.72"
25-Apr-12,"5,718.89"
24-Apr-12,"5,709.49"
23-Apr-12,"5,665.57"
20-Apr-12,"5,772.15"
19-Apr-12,"5,744.55"
18-Apr-12,"5,745.29"
17-Apr-12,"5,766.95"
16-Apr-12,"5,666.28"
13-Apr-12,"5,651.79"
12-Apr-12,"5,710.46"
11-Apr-12,"5,634.74"
10-Apr-12,"5,595.55"
5-Apr-12,"5,723.67"
4-Apr-12,"5,703.77"
3-Apr-12,"5,838.34"
2-Apr-12,"5,874.89"
30-Mar-12,"5,768.45"
29-Mar-12,"5,742.03"
28-Mar-12,"5,808.99"
27-Mar-12,"5,869.55"
26-Mar-12,"5,902.70"
23-Mar-12,"5,854.89"
22-Mar-12,"5,845.65"
21-Mar-12,"5,891.95"
20-Mar-12,"5,891.41"
19-Mar-12,"5,961.11"
16-Mar-12,"5,965.58"
15-Mar-12,"5,940.72"
14-Mar-12,"5,945.43"
13-Mar-12,"5,955.91"
12-Mar-12,"5,892.75"
9-Mar-12,"5,887.49"
8-Mar-12,"5,859.73"
7-Mar-12,"5,791.41"
6-Mar-12,"5,765.80"
5-Mar-12,"5,874.82"
2-Mar-12,"5,911.13"
1-Mar-12,"5,931.25"
29-Feb-12,"5,871.51"
28-Feb-12,"5,927.91"
27-Feb-12,"5,915.55"
24-Feb-12,"5,935.13"
23-Feb-12,"5,937.89"
22-Feb-12,"5,916.55"
21-Feb-12,"5,928.20"
20-Feb-12,"5,945.25"
17-Feb-12,"5,905.07"
16-Feb-12,"5,885.38"
15-Feb-12,"5,892.16"
14-Feb-12,"5,899.87"
13-Feb-12,"5,905.70"
10-Feb-12,"5,852.39"
9-Feb-12,"5,895.47"
8-Feb-12,"5,875.93"
7-Feb-12,"5,890.26"
6-Feb-12,"5,892.20"
3-Feb-12,"5,901.07"
2-Feb-12,"5,796.07"
1-Feb-12,"5,790.72"
31-Jan-12,"5,681.61"
30-Jan-12,"5,671.09"
27-Jan-12,"5,733.45"
26-Jan-12,"5,795.20"
25-Jan-12,"5,723.00"
24-Jan-12,"5,751.90"
23-Jan-12,"5,782.56"
20-Jan-12,"5,728.55"
19-Jan-12,"5,741.15"
18-Jan-12,"5,702.37"
17-Jan-12,"5,693.95"
16-Jan-12,"5,657.44"
13-Jan-12,"5,636.64"
12-Jan-12,"5,662.42"
11-Jan-12,"5,670.82"
10-Jan-12,"5,696.70"
9-Jan-12,"5,612.26"
6-Jan-12,"5,649.68"
5-Jan-12,"5,624.26"
4-Jan-12,"5,668.45"
3-Jan-12,"5,699.91"
30-Dec-11,"5,572.28"
29-Dec-11,"5,566.77"
28-Dec-11,"5,507.40"
23-Dec-11,"5,512.70"
22-Dec-11,"5,456.97"
21-Dec-11,"5,389.74"
20-Dec-11,"5,419.60"
19-Dec-11,"5,364.99"
16-Dec-11,"5,387.34"
15-Dec-11,"5,400.85"
14-Dec-11,"5,366.80"
13-Dec-11,"5,490.15"
12-Dec-11,"5,427.86"
9-Dec-11,"5,529.21"
8-Dec-11,"5,483.77"
7-Dec-11,"5,546.91"
6-Dec-11,"5,568.72"
5-Dec-11,"5,567.96"
2-Dec-11,"5,552.29"
1-Dec-11,"5,489.34"
30-Nov-11,"5,505.42"
29-Nov-11,"5,337.00"
28-Nov-11,"5,312.76"
25-Nov-11,"5,164.65"
24-Nov-11,"5,127.57"
23-Nov-11,"5,139.78"
22-Nov-11,"5,206.82"
21-Nov-11,"5,222.60"
18-Nov-11,"5,362.94"
17-Nov-11,"5,423.14"
16-Nov-11,"5,509.02"
15-Nov-11,"5,517.44"
14-Nov-11,"5,519.04"
11-Nov-11,"5,545.38"
10-Nov-11,"5,444.82"
9-Nov-11,"5,460.38"
8-Nov-11,"5,567.34"
7-Nov-11,"5,510.82"
4-Nov-11,"5,527.16"
3-Nov-11,"5,545.64"
2-Nov-11,"5,484.10"
1-Nov-11,"5,421.57"
31-Oct-11,"5,544.22"
28-Oct-11,"5,702.24"
27-Oct-11,"5,713.82"
26-Oct-11,"5,553.24"
25-Oct-11,"5,525.54"
24-Oct-11,"5,548.06"
21-Oct-11,"5,488.65"
20-Oct-11,"5,384.68"
19-Oct-11,"5,450.49"
18-Oct-11,"5,410.35"
17-Oct-11,"5,436.70"
14-Oct-11,"5,466.36"
13-Oct-11,"5,403.38"
12-Oct-11,"5,441.80"
11-Oct-11,"5,395.70"
10-Oct-11,"5,399.00"
7-Oct-11,"5,303.40"
6-Oct-11,"5,291.26"
5-Oct-11,"5,102.17"
4-Oct-11,"4,944.44"
3-Oct-11,"5,075.50"
30-Sep-11,"5,128.48"
29-Sep-11,"5,196.84"
28-Sep-11,"5,217.63"
27-Sep-11,"5,294.05"
26-Sep-11,"5,089.37"
23-Sep-11,"5,066.81"
22-Sep-11,"5,041.61"
21-Sep-11,"5,288.41"
20-Sep-11,"5,363.71"
19-Sep-11,"5,259.56"
16-Sep-11,"5,368.41"
15-Sep-11,"5,337.54"
14-Sep-11,"5,227.02"
13-Sep-11,"5,174.25"
12-Sep-11,"5,129.62"
9-Sep-11,"5,214.65"
8-Sep-11,"5,340.38"
7-Sep-11,"5,318.59"
6-Sep-11,"5,156.84"
5-Sep-11,"5,102.58"
2-Sep-11,"5,292.03"
1-Sep-11,"5,418.65"
31-Aug-11,"5,394.53"
30-Aug-11,"5,268.66"
26-Aug-11,"5,129.92"
25-Aug-11,"5,131.10"
24-Aug-11,"5,205.85"
23-Aug-11,"5,129.42"
22-Aug-11,"5,095.30"
19-Aug-11,"5,040.76"
18-Aug-11,"5,092.23"
17-Aug-11,"5,331.60"
16-Aug-11,"5,357.63"
15-Aug-11,"5,350.58"
12-Aug-11,"5,320.03"
11-Aug-11,"5,168.24"
10-Aug-11,"5,007.16"
9-Aug-11,"5,164.92"
8-Aug-11,"5,077.50"
5-Aug-11,"5,068.95"
4-Aug-11,"5,393.14"
3-Aug-11,"5,584.51"
2-Aug-11,"5,718.39"
1-Aug-11,"5,774.43"
29-Jul-11,"5,815.19"
28-Jul-11,"5,873.21"
27-Jul-11,"5,856.58"
26-Jul-11,"5,929.73"
25-Jul-11,"5,925.26"
22-Jul-11,"5,935.02"
21-Jul-11,"5,899.89"
20-Jul-11,"5,853.82"
19-Jul-11,"5,789.99"
18-Jul-11,"5,752.81"
15-Jul-11,"5,843.66"
14-Jul-11,"5,846.95"
13-Jul-11,"5,904.19"
12-Jul-11,"5,868.96"
11-Jul-11,"5,929.16"
8-Jul-11,"5,990.58"
7-Jul-11,"6,054.55"
6-Jul-11,"6,002.92"
5-Jul-11,"6,024.03"
4-Jul-11,"6,017.54"
1-Jul-11,"5,989.76"
30-Jun-11,"5,945.71"
29-Jun-11,"5,855.95"
28-Jun-11,"5,766.88"
27-Jun-11,"5,722.34"
24-Jun-11,"5,697.72"
23-Jun-11,"5,674.38"
22-Jun-11,"5,772.99"
21-Jun-11,"5,775.31"
20-Jun-11,"5,693.39"
17-Jun-11,"5,714.94"
16-Jun-11,"5,698.81"
15-Jun-11,"5,742.55"
14-Jun-11,"5,803.13"
13-Jun-11,"5,773.46"
10-Jun-11,"5,769.30"
9-Jun-11,"5,856.34"
8-Jun-11,"5,808.89"
7-Jun-11,"5,864.65"
6-Jun-11,"5,863.16"
3-Jun-11,"5,855.01"
2-Jun-11,"5,847.92"
1-Jun-11,"5,928.61"
31-May-11,"5,989.99"
27-May-11,"5,938.87"
26-May-11,"5,880.99"
25-May-11,"5,870.14"
24-May-11,"5,858.41"
23-May-11,"5,835.89"
20-May-11,"5,948.49"
19-May-11,"5,955.99"
18-May-11,"5,923.49"
17-May-11,"5,861.00"
16-May-11,"5,923.69"
13-May-11,"5,925.87"
12-May-11,"5,944.96"
11-May-11,"5,976.00"
10-May-11,"6,018.89"
9-May-11,"5,942.69"
6-May-11,"5,976.77"
5-May-11,"5,919.98"
4-May-11,"5,984.07"
3-May-11,"6,082.88"
28-Apr-11,"6,069.90"
27-Apr-11,"6,068.16"
26-Apr-11,"6,069.36"
21-Apr-11,"6,018.30"
20-Apr-11,"6,022.26"
19-Apr-11,"5,896.87"
18-Apr-11,"5,870.08"
15-Apr-11,"5,996.01"
14-Apr-11,"5,963.80"
13-Apr-11,"6,010.44"
12-Apr-11,"5,964.47"
11-Apr-11,"6,053.44"
8-Apr-11,"6,055.75"
7-Apr-11,"6,007.37"
6-Apr-11,"6,041.13"
5-Apr-11,"6,007.06"
4-Apr-11,"6,016.98"
1-Apr-11,"6,009.92"
31-Mar-11,"5,938.66"
30-Mar-11,"5,948.30"
29-Mar-11,"5,932.17"
28-Mar-11,"5,904.49"
25-Mar-11,"5,900.76"
24-Mar-11,"5,880.87"
23-Mar-11,"5,795.88"
22-Mar-11,"5,762.71"
21-Mar-11,"5,786.09"
18-Mar-11,"5,720.80"
17-Mar-11,"5,693.80"
16-Mar-11,"5,598.23"
15-Mar-11,"5,695.28"
14-Mar-11,"5,775.24"
11-Mar-11,"5,828.67"
10-Mar-11,"5,845.29"
9-Mar-11,"5,937.30"
8-Mar-11,"5,961.82"
7-Mar-11,"5,973.78"
4-Mar-11,"5,990.39"
3-Mar-11,"6,005.09"
2-Mar-11,"5,914.89"
1-Mar-11,"5,953.87"
28-Feb-11,"5,994.01"
25-Feb-11,"6,001.20"
24-Feb-11,"5,919.98"
23-Feb-11,"5,923.53"
22-Feb-11,"5,996.76"
21-Feb-11,"6,014.80"
18-Feb-11,"6,082.99"
17-Feb-11,"6,087.38"
16-Feb-11,"6,085.27"
15-Feb-11,"6,037.08"
14-Feb-11,"6,063.56"
11-Feb-11,"6,062.90"
10-Feb-11,"6,020.01"
9-Feb-11,"6,052.29"
8-Feb-11,"6,091.33"
7-Feb-11,"6,044.16"
4-Feb-11,"5,997.38"
3-Feb-11,"5,983.34"
2-Feb-11,"5,996.56"
1-Feb-11,"5,957.82"
31-Jan-11,"5,862.94"
28-Jan-11,"5,881.37"
27-Jan-11,"5,965.08"
26-Jan-11,"5,977.63"
25-Jan-11,"5,917.71"
24-Jan-11,"5,943.85"
21-Jan-11,"5,896.25"
20-Jan-11,"5,867.91"
19-Jan-11,"5,976.70"
18-Jan-11,"6,056.43"
17-Jan-11,"5,985.70"
14-Jan-11,"5,988.12"
13-Jan-11,"6,023.88"
12-Jan-11,"6,050.72"
11-Jan-11,"6,014.03"
10-Jan-11,"5,956.30"
7-Jan-11,"5,984.33"
6-Jan-11,"6,019.51"
5-Jan-11,"6,043.86"
4-Jan-11,"6,013.87"
31-Dec-10,"5,899.94"
30-Dec-10,"5,971.01"
29-Dec-10,"5,996.36"
24-Dec-10,"6,008.92"
23-Dec-10,"5,996.07"
22-Dec-10,"5,983.49"
21-Dec-10,"5,951.80"
20-Dec-10,"5,894.10"
17-Dec-10,"5,871.75"
16-Dec-10,"5,881.12"
15-Dec-10,"5,882.18"
14-Dec-10,"5,891.21"
13-Dec-10,"5,860.75"
10-Dec-10,"5,812.95"
9-Dec-10,"5,807.96"
8-Dec-10,"5,794.53"
7-Dec-10,"5,808.45"
6-Dec-10,"5,770.28"
3-Dec-10,"5,756.66"
2-Dec-10,"5,767.56"
1-Dec-10,"5,642.50"
30-Nov-10,"5,528.27"
29-Nov-10,"5,569.73"
26-Nov-10,"5,668.70"
25-Nov-10,"5,698.93"
24-Nov-10,"5,657.10"
23-Nov-10,"5,581.28"
22-Nov-10,"5,680.83"
19-Nov-10,"5,732.83"
18-Nov-10,"5,768.71"
17-Nov-10,"5,692.56"
16-Nov-10,"5,690.80"
15-Nov-10,"5,820.41"
12-Nov-10,"5,796.87"
11-Nov-10,"5,815.23"
10-Nov-10,"5,816.94"
9-Nov-10,"5,875.19"
8-Nov-10,"5,849.96"
5-Nov-10,"5,875.35"
4-Nov-10,"5,862.79"
3-Nov-10,"5,748.97"
2-Nov-10,"5,757.43"
1-Nov-10,"5,694.62"
29-Oct-10,"5,675.16"
28-Oct-10,"5,677.89"
27-Oct-10,"5,646.02"
26-Oct-10,"5,707.30"
25-Oct-10,"5,751.98"
22-Oct-10,"5,741.37"
21-Oct-10,"5,757.86"
20-Oct-10,"5,728.93"
19-Oct-10,"5,703.89"
18-Oct-10,"5,742.52"
15-Oct-10,"5,703.37"
14-Oct-10,"5,727.21"
13-Oct-10,"5,747.35"
12-Oct-10,"5,661.59"
11-Oct-10,"5,672.40"
8-Oct-10,"5,657.61"
7-Oct-10,"5,662.13"
6-Oct-10,"5,681.39"
5-Oct-10,"5,635.76"
4-Oct-10,"5,555.97"
1-Oct-10,"5,592.90"
30-Sep-10,"5,548.62"
29-Sep-10,"5,569.27"
28-Sep-10,"5,578.44"
27-Sep-10,"5,573.42"
24-Sep-10,"5,598.48"
23-Sep-10,"5,547.08"
22-Sep-10,"5,562.02"
21-Sep-10,"5,576.19"
20-Sep-10,"5,602.54"
17-Sep-10,"5,508.45"
16-Sep-10,"5,540.14"
15-Sep-10,"5,557.07"
14-Sep-10,"5,567.41"
13-Sep-10,"5,565.53"
10-Sep-10,"5,501.64"
9-Sep-10,"5,494.16"
8-Sep-10,"5,429.74"
7-Sep-10,"5,407.82"
6-Sep-10,"5,439.19"
3-Sep-10,"5,428.15"
2-Sep-10,"5,371.04"
1-Sep-10,"5,366.41"
31-Aug-10,"5,225.22"
27-Aug-10,"5,201.56"
26-Aug-10,"5,155.84"
25-Aug-10,"5,117.24"
24-Aug-10,"5,155.95"
23-Aug-10,"5,234.84"
20-Aug-10,"5,195.28"
19-Aug-10,"5,211.29"
18-Aug-10,"5,302.87"
17-Aug-10,"5,350.55"
16-Aug-10,"5,276.10"
13-Aug-10,"5,275.44"
12-Aug-10,"5,266.06"
11-Aug-10,"5,245.21"
10-Aug-10,"5,376.41"
9-Aug-10,"5,410.52"
6-Aug-10,"5,332.39"
5-Aug-10,"5,365.78"
4-Aug-10,"5,386.16"
3-Aug-10,"5,396.48"
2-Aug-10,"5,397.11"
30-Jul-10,"5,258.02"
29-Jul-10,"5,313.95"
27-Jul-10,"5,365.67"
26-Jul-10,"5,351.12"
23-Jul-10,"5,312.62"
22-Jul-10,"5,313.81"
21-Jul-10,"5,214.64"
20-Jul-10,"5,139.46"
19-Jul-10,"5,148.28"
16-Jul-10,"5,158.90"
15-Jul-10,"5,211.30"
14-Jul-10,"5,253.50"
13-Jul-10,"5,271.00"
12-Jul-10,"5,167.00"
9-Jul-10,"5,132.90"
8-Jul-10,"5,105.50"
7-Jul-10,"5,014.80"
6-Jul-10,"4,965.00"
5-Jul-10,"4,823.50"
2-Jul-10,"4,838.10"
1-Jul-10,"4,805.80"
30-Jun-10,"4,916.90"
29-Jun-10,"4,914.20"
28-Jun-10,"5,071.70"
25-Jun-10,"5,046.50"
24-Jun-10,"5,100.20"
23-Jun-10,"5,178.50"
22-Jun-10,"5,247.00"
21-Jun-10,"5,299.10"
18-Jun-10,"5,250.80"
17-Jun-10,"5,253.90"
16-Jun-10,"5,237.90"
15-Jun-10,"5,217.80"
14-Jun-10,"5,202.10"
11-Jun-10,"5,163.70"
10-Jun-10,"5,132.50"
9-Jun-10,"5,085.90"
8-Jun-10,"5,028.10"
7-Jun-10,"5,069.10"
4-Jun-10,"5,126.00"
3-Jun-10,"5,211.20"
2-Jun-10,"5,151.30"
1-Jun-10,"5,163.30"
28-May-10,"5,188.40"
27-May-10,"5,195.20"
26-May-10,"5,038.10"
25-May-10,"4,940.70"
24-May-10,"5,069.60"
21-May-10,"5,062.90"
20-May-10,"5,073.10"
19-May-10,"5,158.10"
18-May-10,"5,307.30"
17-May-10,"5,262.50"
14-May-10,"5,262.90"
13-May-10,"5,433.70"
12-May-10,"5,383.50"
11-May-10,"5,334.20"
10-May-10,"5,387.40"
7-May-10,"5,123.00"
6-May-10,"5,261.00"
5-May-10,"5,341.90"
4-May-10,"5,411.10"
30-Apr-10,"5,553.30"
29-Apr-10,"5,617.80"
28-Apr-10,"5,586.60"
27-Apr-10,"5,603.50"
26-Apr-10,"5,753.90"
23-Apr-10,"5,723.60"
22-Apr-10,"5,665.30"
21-Apr-10,"5,723.40"
20-Apr-10,"5,783.70"
19-Apr-10,"5,727.90"
16-Apr-10,"5,744.00"
15-Apr-10,"5,825.00"
14-Apr-10,"5,796.30"
13-Apr-10,"5,761.70"
12-Apr-10,"5,777.60"
9-Apr-10,"5,771.00"
8-Apr-10,"5,712.70"
7-Apr-10,"5,762.10"
6-Apr-10,"5,780.40"
1-Apr-10,"5,744.90"
31-Mar-10,"5,679.60"
30-Mar-10,"5,672.30"
29-Mar-10,"5,710.70"
26-Mar-10,"5,703.00"
25-Mar-10,"5,727.60"
24-Mar-10,"5,677.90"
23-Mar-10,"5,673.60"
22-Mar-10,"5,644.50"
19-Mar-10,"5,650.10"
18-Mar-10,"5,642.60"
17-Mar-10,"5,644.60"
16-Mar-10,"5,620.40"
15-Mar-10,"5,593.90"
12-Mar-10,"5,625.60"
11-Mar-10,"5,617.30"
10-Mar-10,"5,640.60"
9-Mar-10,"5,602.30"
8-Mar-10,"5,606.70"
5-Mar-10,"5,599.80"
4-Mar-10,"5,527.20"
3-Mar-10,"5,533.20"
2-Mar-10,"5,484.10"
1-Mar-10,"5,405.90"
26-Feb-10,"5,354.50"
25-Feb-10,"5,278.20"
24-Feb-10,"5,342.90"
23-Feb-10,"5,315.10"
22-Feb-10,"5,352.10"
19-Feb-10,"5,358.20"
18-Feb-10,"5,325.10"
17-Feb-10,"5,276.60"
16-Feb-10,"5,244.10"
15-Feb-10,"5,167.50"
12-Feb-10,"5,142.50"
11-Feb-10,"5,161.50"
10-Feb-10,"5,132.00"
9-Feb-10,"5,111.80"
8-Feb-10,"5,092.30"
5-Feb-10,"5,060.90"
4-Feb-10,"5,139.30"
3-Feb-10,"5,253.10"
2-Feb-10,"5,283.30"
1-Feb-10,"5,247.40"
29-Jan-10,"5,188.50"
28-Jan-10,"5,145.70"
27-Jan-10,"5,217.50"
26-Jan-10,"5,276.90"
25-Jan-10,"5,260.30"
22-Jan-10,"5,303.00"
21-Jan-10,"5,335.10"
20-Jan-10,"5,420.80"
19-Jan-10,"5,513.10"
18-Jan-10,"5,494.40"
15-Jan-10,"5,455.40"
14-Jan-10,"5,498.20"
13-Jan-10,"5,473.50"
12-Jan-10,"5,498.70"
11-Jan-10,"5,538.10"
8-Jan-10,"5,534.20"
7-Jan-10,"5,526.70"
6-Jan-10,"5,530.00"
5-Jan-10,"5,522.50"
4-Jan-10,"5,500.30"
31-Dec-09,"5,412.90"
30-Dec-09,"5,397.90"
29-Dec-09,"5,437.60"
24-Dec-09,"5,402.40"
23-Dec-09,"5,372.40"
22-Dec-09,"5,328.70"
21-Dec-09,"5,294.00"
18-Dec-09,"5,196.80"
17-Dec-09,"5,217.60"
16-Dec-09,"5,320.30"
15-Dec-09,"5,285.80"
14-Dec-09,"5,315.30"
11-Dec-09,"5,261.60"
10-Dec-09,"5,244.40"
9-Dec-09,"5,203.90"
8-Dec-09,"5,223.10"
7-Dec-09,"5,310.70"
4-Dec-09,"5,322.40"
3-Dec-09,"5,313.00"
2-Dec-09,"5,327.40"
1-Dec-09,"5,312.20"
30-Nov-09,"5,190.70"
27-Nov-09,"5,245.70"
26-Nov-09,"5,194.10"
25-Nov-09,"5,364.80"
24-Nov-09,"5,324.00"
23-Nov-09,"5,355.50"
20-Nov-09,"5,251.40"
19-Nov-09,"5,267.70"
18-Nov-09,"5,342.10"
17-Nov-09,"5,345.90"
16-Nov-09,"5,382.70"
13-Nov-09,"5,296.40"
12-Nov-09,"5,276.50"
11-Nov-09,"5,266.80"
10-Nov-09,"5,230.50"
9-Nov-09,"5,235.20"
6-Nov-09,"5,142.70"
5-Nov-09,"5,125.60"
4-Nov-09,"5,107.90"
3-Nov-09,"5,037.20"
2-Nov-09,"5,104.50"
30-Oct-09,"5,044.50"
29-Oct-09,"5,137.70"
28-Oct-09,"5,080.40"
27-Oct-09,"5,201.00"
26-Oct-09,"5,191.70"
23-Oct-09,"5,242.60"
22-Oct-09,"5,207.40"
21-Oct-09,"5,257.90"
20-Oct-09,"5,243.40"
19-Oct-09,"5,281.50"
16-Oct-09,"5,190.20"
15-Oct-09,"5,223.00"
14-Oct-09,"5,256.10"
13-Oct-09,"5,154.10"
12-Oct-09,"5,210.20"
9-Oct-09,"5,161.90"
8-Oct-09,"5,154.60"
7-Oct-09,"5,108.90"
6-Oct-09,"5,138.00"
5-Oct-09,"5,024.30"
2-Oct-09,"4,988.70"
1-Oct-09,"5,047.80"
30-Sep-09,"5,133.90"
29-Sep-09,"5,159.70"
28-Sep-09,"5,165.70"
25-Sep-09,"5,082.20"
24-Sep-09,"5,079.30"
23-Sep-09,"5,139.40"
22-Sep-09,"5,142.60"
21-Sep-09,"5,134.40"
18-Sep-09,"5,172.90"
17-Sep-09,"5,164.00"
16-Sep-09,"5,124.10"
15-Sep-09,"5,042.10"
14-Sep-09,"5,018.90"
11-Sep-09,"5,011.50"
10-Sep-09,"4,987.70"
9-Sep-09,"5,004.30"
8-Sep-09,"4,947.30"
7-Sep-09,"4,933.20"
4-Sep-09,"4,851.70"
3-Sep-09,"4,796.80"
2-Sep-09,"4,817.50"
1-Sep-09,"4,819.70"
28-Aug-09,"4,908.90"
27-Aug-09,"4,869.40"
26-Aug-09,"4,890.60"
25-Aug-09,"4,916.80"
24-Aug-09,"4,896.20"
21-Aug-09,"4,850.90"
20-Aug-09,"4,756.60"
19-Aug-09,"4,689.70"
18-Aug-09,"4,685.80"
17-Aug-09,"4,645.00"
14-Aug-09,"4,714.00"
13-Aug-09,"4,755.50"
12-Aug-09,"4,716.80"
11-Aug-09,"4,671.30"
10-Aug-09,"4,722.20"
7-Aug-09,"4,731.60"
6-Aug-09,"4,690.50"
5-Aug-09,"4,647.10"
4-Aug-09,"4,671.40"
3-Aug-09,"4,682.50"
31-Jul-09,"4,608.40"
30-Jul-09,"4,631.60"
29-Jul-09,"4,547.50"
28-Jul-09,"4,528.80"
27-Jul-09,"4,586.10"
24-Jul-09,"4,576.60"
23-Jul-09,"4,559.80"
22-Jul-09,"4,493.70"
21-Jul-09,"4,481.20"
20-Jul-09,"4,443.60"
17-Jul-09,"4,388.80"
16-Jul-09,"4,361.80"
15-Jul-09,"4,346.50"
14-Jul-09,"4,237.70"
13-Jul-09,"4,202.10"
10-Jul-09,"4,127.20"
9-Jul-09,"4,158.70"
8-Jul-09,"4,140.20"
7-Jul-09,"4,187.00"
6-Jul-09,"4,194.90"
3-Jul-09,"4,236.30"
2-Jul-09,"4,234.30"
1-Jul-09,"4,340.70"
30-Jun-09,"4,249.20"
29-Jun-09,"4,294.00"
26-Jun-09,"4,241.00"
25-Jun-09,"4,252.60"
24-Jun-09,"4,280.00"
23-Jun-09,"4,230.00"
22-Jun-09,"4,234.00"
19-Jun-09,"4,345.90"
18-Jun-09,"4,280.90"
17-Jun-09,"4,278.50"
16-Jun-09,"4,328.60"
15-Jun-09,"4,326.00"
12-Jun-09,"4,442.00"
11-Jun-09,"4,461.90"
10-Jun-09,"4,436.80"
9-Jun-09,"4,404.80"
8-Jun-09,"4,405.20"
5-Jun-09,"4,438.60"
4-Jun-09,"4,386.90"
3-Jun-09,"4,383.40"
2-Jun-09,"4,477.00"
1-Jun-09,"4,506.20"
29-May-09,"4,417.90"
28-May-09,"4,387.50"
27-May-09,"4,416.20"
26-May-09,"4,411.70"
22-May-09,"4,365.30"
21-May-09,"4,345.50"
20-May-09,"4,468.40"
19-May-09,"4,482.30"
18-May-09,"4,446.50"
15-May-09,"4,348.10"
14-May-09,"4,362.60"
13-May-09,"4,331.40"
12-May-09,"4,425.50"
11-May-09,"4,435.50"
8-May-09,"4,462.10"
7-May-09,"4,398.70"
6-May-09,"4,396.50"
5-May-09,"4,336.90"
1-May-09,"4,243.20"
30-Apr-09,"4,243.70"
29-Apr-09,"4,189.60"
28-Apr-09,"4,096.40"
27-Apr-09,"4,167.00"
24-Apr-09,"4,156.00"
23-Apr-09,"4,018.20"
22-Apr-09,"4,030.70"
21-Apr-09,"3,987.50"
20-Apr-09,"3,990.90"
17-Apr-09,"4,092.80"
16-Apr-09,"4,053.00"
15-Apr-09,"3,968.40"
14-Apr-09,"3,989.00"
9-Apr-09,"3,983.70"
8-Apr-09,"3,925.50"
7-Apr-09,"3,930.50"
6-Apr-09,"3,993.50"
3-Apr-09,"4,029.70"
2-Apr-09,"4,125.00"
1-Apr-09,"3,955.60"
31-Mar-09,"3,926.10"
30-Mar-09,"3,762.90"
27-Mar-09,"3,898.90"
26-Mar-09,"3,925.20"
25-Mar-09,"3,900.30"
24-Mar-09,"3,911.50"
23-Mar-09,"3,952.80"
20-Mar-09,"3,842.90"
19-Mar-09,"3,816.90"
18-Mar-09,"3,805.00"
17-Mar-09,"3,857.10"
16-Mar-09,"3,864.00"
13-Mar-09,"3,753.70"
12-Mar-09,"3,712.10"
11-Mar-09,"3,693.80"
10-Mar-09,"3,715.20"
9-Mar-09,"3,542.40"
6-Mar-09,"3,530.70"
5-Mar-09,"3,529.90"
4-Mar-09,"3,645.90"
3-Mar-09,"3,512.10"
2-Mar-09,"3,625.80"
27-Feb-09,"3,830.10"
26-Feb-09,"3,915.60"
25-Feb-09,"3,849.00"
24-Feb-09,"3,816.40"
23-Feb-09,"3,850.70"
20-Feb-09,"3,889.10"
19-Feb-09,"4,018.40"
18-Feb-09,"4,006.80"
17-Feb-09,"4,034.10"
16-Feb-09,"4,134.80"
13-Feb-09,"4,189.60"
12-Feb-09,"4,202.20"
11-Feb-09,"4,234.30"
10-Feb-09,"4,213.10"
9-Feb-09,"4,307.60"
6-Feb-09,"4,291.90"
5-Feb-09,"4,228.90"
4-Feb-09,"4,228.60"
3-Feb-09,"4,164.50"
2-Feb-09,"4,077.80"
30-Jan-09,"4,149.60"
29-Jan-09,"4,190.10"
28-Jan-09,"4,295.20"
27-Jan-09,"4,194.40"
26-Jan-09,"4,209.00"
23-Jan-09,"4,052.50"
22-Jan-09,"4,052.20"
21-Jan-09,"4,059.90"
20-Jan-09,"4,091.40"
19-Jan-09,"4,108.50"
16-Jan-09,"4,147.10"
15-Jan-09,"4,121.10"
14-Jan-09,"4,180.60"
13-Jan-09,"4,399.10"
12-Jan-09,"4,426.20"
9-Jan-09,"4,448.50"
8-Jan-09,"4,505.40"
7-Jan-09,"4,507.50"
6-Jan-09,"4,638.90"
5-Jan-09,"4,579.60"
2-Jan-09,"4,561.80"
31-Dec-08,"4,434.20"
30-Dec-08,"4,392.70"
29-Dec-08,"4,319.40"
24-Dec-08,"4,216.60"
23-Dec-08,"4,256.00"
22-Dec-08,"4,249.20"
19-Dec-08,"4,286.90"
18-Dec-08,"4,330.70"
17-Dec-08,"4,324.20"
16-Dec-08,"4,309.10"
15-Dec-08,"4,277.60"
12-Dec-08,"4,280.40"
11-Dec-08,"4,388.70"
10-Dec-08,"4,367.30"
9-Dec-08,"4,381.30"
8-Dec-08,"4,300.10"
5-Dec-08,"4,049.40"
4-Dec-08,"4,163.60"
3-Dec-08,"4,170.00"
2-Dec-08,"4,122.90"
1-Dec-08,"4,065.50"
28-Nov-08,"4,288.00"
27-Nov-08,"4,226.10"
26-Nov-08,"4,152.70"
25-Nov-08,"4,171.30"
24-Nov-08,"4,153.00"
21-Nov-08,"3,781.00"
20-Nov-08,"3,875.00"
19-Nov-08,"4,005.70"
18-Nov-08,"4,208.50"
17-Nov-08,"4,132.20"
14-Nov-08,"4,233.00"
13-Nov-08,"4,169.20"
12-Nov-08,"4,182.00"
11-Nov-08,"4,246.70"
10-Nov-08,"4,403.90"
7-Nov-08,"4,365.00"
6-Nov-08,"4,272.40"
5-Nov-08,"4,530.70"
4-Nov-08,"4,639.50"
3-Nov-08,"4,443.30"
31-Oct-08,"4,377.30"
30-Oct-08,"4,291.60"
29-Oct-08,"4,242.50"
28-Oct-08,"3,926.40"
27-Oct-08,"3,852.60"
24-Oct-08,"3,883.40"
23-Oct-08,"4,087.80"
22-Oct-08,"4,040.90"
21-Oct-08,"4,229.70"
20-Oct-08,"4,282.70"
17-Oct-08,"4,063.00"
16-Oct-08,"3,861.40"
15-Oct-08,"4,079.60"
14-Oct-08,"4,394.20"
13-Oct-08,"4,256.90"
10-Oct-08,"3,932.10"
9-Oct-08,"4,313.80"
8-Oct-08,"4,366.70"
7-Oct-08,"4,605.20"
6-Oct-08,"4,589.20"
3-Oct-08,"4,980.30"
2-Oct-08,"4,870.30"
1-Oct-08,"4,959.60"
30-Sep-08,"4,902.50"
29-Sep-08,"4,818.80"
26-Sep-08,"5,088.50"
25-Sep-08,"5,197.00"
24-Sep-08,"5,095.60"
23-Sep-08,"5,136.10"
22-Sep-08,"5,236.30"
19-Sep-08,"5,311.30"
18-Sep-08,"4,880.00"
17-Sep-08,"4,912.40"
16-Sep-08,"5,025.60"
15-Sep-08,"5,204.20"
12-Sep-08,"5,416.70"
11-Sep-08,"5,318.40"
10-Sep-08,"5,366.20"
9-Sep-08,"5,415.60"
8-Sep-08,"5,446.30"
5-Sep-08,"5,240.70"
4-Sep-08,"5,362.10"
3-Sep-08,"5,499.70"
2-Sep-08,"5,620.70"
1-Sep-08,"5,602.80"
29-Aug-08,"5,636.60"
28-Aug-08,"5,601.20"
27-Aug-08,"5,528.10"
26-Aug-08,"5,470.70"
22-Aug-08,"5,505.60"
21-Aug-08,"5,370.20"
20-Aug-08,"5,371.80"
19-Aug-08,"5,320.40"
18-Aug-08,"5,450.20"
15-Aug-08,"5,454.80"
14-Aug-08,"5,497.40"
13-Aug-08,"5,448.60"
12-Aug-08,"5,534.50"
11-Aug-08,"5,541.80"
8-Aug-08,"5,489.20"
7-Aug-08,"5,477.50"
6-Aug-08,"5,486.10"
5-Aug-08,"5,454.50"
4-Aug-08,"5,320.20"
1-Aug-08,"5,354.70"
31-Jul-08,"5,411.90"
30-Jul-08,"5,420.70"
29-Jul-08,"5,319.20"
28-Jul-08,"5,312.60"
25-Jul-08,"5,352.60"
24-Jul-08,"5,362.30"
23-Jul-08,"5,449.90"
22-Jul-08,"5,364.10"
21-Jul-08,"5,404.30"
18-Jul-08,"5,376.40"
17-Jul-08,"5,286.30"
16-Jul-08,"5,150.60"
15-Jul-08,"5,171.90"
14-Jul-08,"5,300.40"
11-Jul-08,"5,261.60"
10-Jul-08,"5,406.80"
9-Jul-08,"5,529.60"
8-Jul-08,"5,440.50"
7-Jul-08,"5,512.70"
4-Jul-08,"5,412.80"
3-Jul-08,"5,476.60"
2-Jul-08,"5,426.30"
1-Jul-08,"5,479.90"
30-Jun-08,"5,625.90"
27-Jun-08,"5,529.90"
26-Jun-08,"5,518.20"
25-Jun-08,"5,666.10"
24-Jun-08,"5,634.70"
23-Jun-08,"5,667.20"
20-Jun-08,"5,620.80"
19-Jun-08,"5,708.40"
18-Jun-08,"5,756.90"
17-Jun-08,"5,861.90"
16-Jun-08,"5,794.60"
13-Jun-08,"5,802.80"
12-Jun-08,"5,790.50"
11-Jun-08,"5,723.30"
10-Jun-08,"5,827.30"
9-Jun-08,"5,877.60"
6-Jun-08,"5,906.80"
5-Jun-08,"5,995.30"
4-Jun-08,"5,970.10"
3-Jun-08,"6,057.70"
2-Jun-08,"6,007.60"
30-May-08,"6,053.50"
29-May-08,"6,068.10"
28-May-08,"6,069.60"
27-May-08,"6,058.50"
23-May-08,"6,087.30"
22-May-08,"6,181.60"
21-May-08,"6,198.10"
20-May-08,"6,191.60"
19-May-08,"6,376.50"
16-May-08,"6,304.30"
15-May-08,"6,251.80"
14-May-08,"6,216.00"
13-May-08,"6,211.90"
12-May-08,"6,220.60"
9-May-08,"6,204.70"
8-May-08,"6,270.80"
7-May-08,"6,261.00"
6-May-08,"6,215.20"
2-May-08,"6,215.50"
1-May-08,"6,087.30"
30-Apr-08,"6,087.30"
29-Apr-08,"6,089.40"
28-Apr-08,"6,090.40"
25-Apr-08,"6,091.40"
24-Apr-08,"6,050.70"
23-Apr-08,"6,083.60"
22-Apr-08,"6,034.70"
21-Apr-08,"6,053.00"
18-Apr-08,"6,056.50"
17-Apr-08,"5,980.40"
16-Apr-08,"6,046.20"
15-Apr-08,"5,906.90"
14-Apr-08,"5,831.60"
11-Apr-08,"5,895.50"
10-Apr-08,"5,965.10"
9-Apr-08,"5,983.90"
8-Apr-08,"5,990.20"
7-Apr-08,"6,014.80"
4-Apr-08,"5,947.10"
3-Apr-08,"5,891.30"
2-Apr-08,"5,915.90"
1-Apr-08,"5,852.60"
31-Mar-08,"5,702.10"
28-Mar-08,"5,692.90"
27-Mar-08,"5,717.50"
26-Mar-08,"5,660.40"
25-Mar-08,"5,689.10"
20-Mar-08,"5,495.20"
19-Mar-08,"5,545.60"
18-Mar-08,"5,605.80"
17-Mar-08,"5,414.40"
14-Mar-08,"5,631.70"
13-Mar-08,"5,692.40"
12-Mar-08,"5,776.40"
11-Mar-08,"5,690.40"
10-Mar-08,"5,629.10"
7-Mar-08,"5,699.90"
6-Mar-08,"5,766.40"
5-Mar-08,"5,853.50"
4-Mar-08,"5,767.70"
3-Mar-08,"5,818.60"
29-Feb-08,"5,884.30"
28-Feb-08,"5,965.70"
27-Feb-08,"6,076.50"
26-Feb-08,"6,087.40"
25-Feb-08,"5,999.50"
22-Feb-08,"5,888.50"
21-Feb-08,"5,932.20"
20-Feb-08,"5,893.60"
19-Feb-08,"5,966.90"
15-Feb-08,"5,787.60"
14-Feb-08,"5,879.30"
13-Feb-08,"5,880.10"
12-Feb-08,"5,910.00"
11-Feb-08,"5,707.70"
8-Feb-08,"5,784.00"
7-Feb-08,"5,724.10"
6-Feb-08,"5,875.40"
5-Feb-08,"5,868.00"
4-Feb-08,"6,026.20"
1-Feb-08,"6,029.20"
31-Jan-08,"5,879.80"
30-Jan-08,"5,837.30"
29-Jan-08,"5,885.20"
28-Jan-08,"5,788.90"
25-Jan-08,"5,869.00"
24-Jan-08,"5,875.80"
23-Jan-08,"5,609.30"
22-Jan-08,"5,740.10"
21-Jan-08,"5,578.20"
18-Jan-08,"5,901.70"
17-Jan-08,"5,902.40"
16-Jan-08,"5,942.90"
15-Jan-08,"6,025.60"
14-Jan-08,"6,215.70"
11-Jan-08,"6,202.00"
10-Jan-08,"6,222.70"
9-Jan-08,"6,272.70"
8-Jan-08,"6,356.50"
7-Jan-08,"6,335.70"
4-Jan-08,"6,348.50"
3-Jan-08,"6,479.40"
2-Jan-08,"6,416.70"
31-Dec-07,"6,456.90"
28-Dec-07,"6,476.90"
27-Dec-07,"6,497.80"
24-Dec-07,"6,479.30"
21-Dec-07,"6,434.10"
20-Dec-07,"6,345.60"
19-Dec-07,"6,284.50"
18-Dec-07,"6,279.30"
17-Dec-07,"6,277.80"
14-Dec-07,"6,397.00"
13-Dec-07,"6,364.20"
12-Dec-07,"6,559.80"
11-Dec-07,"6,536.90"
10-Dec-07,"6,565.40"
7-Dec-07,"6,554.90"
6-Dec-07,"6,485.60"
5-Dec-07,"6,493.80"
4-Dec-07,"6,315.20"
3-Dec-07,"6,386.60"
30-Nov-07,"6,432.50"
29-Nov-07,"6,349.10"
28-Nov-07,"6,306.20"
27-Nov-07,"6,140.70"
26-Nov-07,"6,180.50"
23-Nov-07,"6,262.10"
22-Nov-07,"6,155.30"
21-Nov-07,"6,070.90"
20-Nov-07,"6,226.50"
19-Nov-07,"6,120.80"
16-Nov-07,"6,291.20"
15-Nov-07,"6,359.60"
14-Nov-07,"6,432.10"
13-Nov-07,"6,362.40"
12-Nov-07,"6,337.90"
9-Nov-07,"6,304.90"
8-Nov-07,"6,381.90"
7-Nov-07,"6,385.10"
6-Nov-07,"6,474.90"
5-Nov-07,"6,461.40"
2-Nov-07,"6,530.60"
1-Nov-07,"6,586.10"
31-Oct-07,"6,721.60"
30-Oct-07,"6,659.00"
29-Oct-07,"6,706.00"
26-Oct-07,"6,661.30"
25-Oct-07,"6,576.30"
24-Oct-07,"6,482.00"
23-Oct-07,"6,514.00"
22-Oct-07,"6,459.30"
19-Oct-07,"6,527.90"
18-Oct-07,"6,609.40"
17-Oct-07,"6,677.70"
16-Oct-07,"6,614.30"
15-Oct-07,"6,644.50"
12-Oct-07,"6,730.70"
11-Oct-07,"6,724.50"
10-Oct-07,"6,633.00"
9-Oct-07,"6,615.40"
8-Oct-07,"6,540.90"
5-Oct-07,"6,595.80"
4-Oct-07,"6,547.90"
3-Oct-07,"6,535.20"
2-Oct-07,"6,500.40"
1-Oct-07,"6,506.20"
28-Sep-07,"6,466.80"
27-Sep-07,"6,486.40"
26-Sep-07,"6,433.00"
25-Sep-07,"6,396.90"
24-Sep-07,"6,465.90"
21-Sep-07,"6,456.70"
20-Sep-07,"6,429.00"
19-Sep-07,"6,460.00"
18-Sep-07,"6,283.30"
17-Sep-07,"6,182.80"
14-Sep-07,"6,289.30"
13-Sep-07,"6,363.90"
12-Sep-07,"6,306.20"
11-Sep-07,"6,280.70"
10-Sep-07,"6,134.10"
7-Sep-07,"6,191.20"
6-Sep-07,"6,313.30"
5-Sep-07,"6,270.70"
4-Sep-07,"6,376.80"
3-Sep-07,"6,315.20"
31-Aug-07,"6,303.30"
30-Aug-07,"6,212.00"
29-Aug-07,"6,132.20"
28-Aug-07,"6,102.20"
24-Aug-07,"6,220.10"
23-Aug-07,"6,196.90"
22-Aug-07,"6,196.00"
21-Aug-07,"6,086.10"
20-Aug-07,"6,078.70"
17-Aug-07,"6,064.20"
16-Aug-07,"5,858.90"
15-Aug-07,"6,109.30"
14-Aug-07,"6,143.50"
13-Aug-07,"6,219.00"
10-Aug-07,"6,038.30"
9-Aug-07,"6,271.20"
8-Aug-07,"6,393.90"
7-Aug-07,"6,308.80"
6-Aug-07,"6,189.10"
3-Aug-07,"6,224.30"
2-Aug-07,"6,300.30"
1-Aug-07,"6,250.60"
31-Jul-07,"6,360.10"
30-Jul-07,"6,206.10"
27-Jul-07,"6,215.20"
26-Jul-07,"6,251.20"
25-Jul-07,"6,454.30"
24-Jul-07,"6,498.70"
23-Jul-07,"6,624.40"
20-Jul-07,"6,585.20"
19-Jul-07,"6,640.20"
18-Jul-07,"6,567.10"
17-Jul-07,"6,659.10"
16-Jul-07,"6,697.70"
13-Jul-07,"6,716.70"
12-Jul-07,"6,697.70"
11-Jul-07,"6,615.10"
10-Jul-07,"6,630.90"
9-Jul-07,"6,712.70"
6-Jul-07,"6,690.10"
5-Jul-07,"6,635.20"
4-Jul-07,"6,673.10"
3-Jul-07,"6,639.80"
2-Jul-07,"6,590.60"
29-Jun-07,"6,607.90"
28-Jun-07,"6,571.30"
27-Jun-07,"6,527.60"
26-Jun-07,"6,559.30"
25-Jun-07,"6,588.40"
22-Jun-07,"6,567.40"
21-Jun-07,"6,596.00"
20-Jun-07,"6,649.30"
19-Jun-07,"6,650.20"
18-Jun-07,"6,703.50"
15-Jun-07,"6,732.40"
14-Jun-07,"6,649.90"
13-Jun-07,"6,559.60"
12-Jun-07,"6,520.40"
11-Jun-07,"6,567.50"
8-Jun-07,"6,505.10"
7-Jun-07,"6,505.10"
6-Jun-07,"6,522.70"
5-Jun-07,"6,632.80"
4-Jun-07,"6,664.10"
1-Jun-07,"6,676.70"
31-May-07,"6,621.40"
30-May-07,"6,602.10"
29-May-07,"6,606.50"
25-May-07,"6,570.50"
24-May-07,"6,565.40"
23-May-07,"6,616.40"
22-May-07,"6,606.60"
21-May-07,"6,636.80"
18-May-07,"6,640.90"
17-May-07,"6,579.30"
16-May-07,"6,559.50"
15-May-07,"6,568.60"
14-May-07,"6,555.50"
11-May-07,"6,565.70"
10-May-07,"6,524.10"
9-May-07,"6,549.60"
8-May-07,"6,550.40"
4-May-07,"6,603.70"
3-May-07,"6,537.80"
2-May-07,"6,484.50"
1-May-07,"6,419.60"
30-Apr-07,"6,449.20"
27-Apr-07,"6,418.70"
26-Apr-07,"6,469.40"
25-Apr-07,"6,461.90"
24-Apr-07,"6,429.50"
23-Apr-07,"6,479.70"
20-Apr-07,"6,486.80"
19-Apr-07,"6,440.60"
18-Apr-07,"6,449.40"
17-Apr-07,"6,497.80"
16-Apr-07,"6,516.20"
13-Apr-07,"6,462.40"
12-Apr-07,"6,416.40"
11-Apr-07,"6,413.30"
10-Apr-07,"6,417.80"
5-Apr-07,"6,397.30"
4-Apr-07,"6,364.70"
3-Apr-07,"6,366.10"
2-Apr-07,"6,315.50"
30-Mar-07,"6,308.00"
29-Mar-07,"6,324.20"
28-Mar-07,"6,267.20"
27-Mar-07,"6,292.60"
26-Mar-07,"6,291.90"
23-Mar-07,"6,339.40"
22-Mar-07,"6,318.00"
21-Mar-07,"6,256.80"
20-Mar-07,"6,220.30"
19-Mar-07,"6,189.40"
16-Mar-07,"6,130.60"
15-Mar-07,"6,133.20"
14-Mar-07,"6,000.70"
13-Mar-07,"6,161.20"
12-Mar-07,"6,233.30"
9-Mar-07,"6,245.20"
8-Mar-07,"6,227.70"
7-Mar-07,"6,156.50"
6-Mar-07,"6,138.50"
5-Mar-07,"6,058.70"
2-Mar-07,"6,116.20"
1-Mar-07,"6,116.00"
28-Feb-07,"6,171.50"
27-Feb-07,"6,286.10"
26-Feb-07,"6,434.70"
23-Feb-07,"6,401.50"
22-Feb-07,"6,380.90"
21-Feb-07,"6,357.10"
20-Feb-07,"6,412.30"
19-Feb-07,"6,444.40"
16-Feb-07,"6,419.50"
15-Feb-07,"6,433.30"
14-Feb-07,"6,421.20"
13-Feb-07,"6,381.80"
12-Feb-07,"6,353.50"
9-Feb-07,"6,382.80"
8-Feb-07,"6,346.40"
7-Feb-07,"6,369.50"
6-Feb-07,"6,346.30"
5-Feb-07,"6,317.90"
2-Feb-07,"6,310.90"
1-Feb-07,"6,282.20"
31-Jan-07,"6,203.10"
30-Jan-07,"6,242.00"
29-Jan-07,"6,239.90"
26-Jan-07,"6,228.00"
25-Jan-07,"6,269.30"
24-Jan-07,"6,314.80"
23-Jan-07,"6,227.60"
22-Jan-07,"6,218.40"
19-Jan-07,"6,237.20"
18-Jan-07,"6,210.30"
17-Jan-07,"6,204.50"
16-Jan-07,"6,215.70"
15-Jan-07,"6,263.50"
12-Jan-07,"6,239.00"
11-Jan-07,"6,230.10"
10-Jan-07,"6,160.70"
9-Jan-07,"6,196.10"
8-Jan-07,"6,194.20"
5-Jan-07,"6,220.10"
4-Jan-07,"6,287.00"
3-Jan-07,"6,319.00"
2-Jan-07,"6,310.90"
29-Dec-06,"6,220.80"
28-Dec-06,"6,240.90"
27-Dec-06,"6,245.20"
22-Dec-06,"6,190.00"
21-Dec-06,"6,183.70"
20-Dec-06,"6,198.60"
19-Dec-06,"6,203.90"
18-Dec-06,"6,247.40"
15-Dec-06,"6,260.00"
14-Dec-06,"6,228.00"
13-Dec-06,"6,192.50"
12-Dec-06,"6,156.40"
11-Dec-06,"6,159.80"
8-Dec-06,"6,152.40"
7-Dec-06,"6,131.50"
6-Dec-06,"6,090.30"
5-Dec-06,"6,086.40"
4-Dec-06,"6,050.40"
1-Dec-06,"6,021.50"
30-Nov-06,"6,048.80"
29-Nov-06,"6,084.40"
28-Nov-06,"6,025.90"
27-Nov-06,"6,050.10"
24-Nov-06,"6,122.10"
23-Nov-06,"6,140.00"
22-Nov-06,"6,160.30"
21-Nov-06,"6,202.60"
20-Nov-06,"6,204.50"
17-Nov-06,"6,192.00"
16-Nov-06,"6,254.90"
15-Nov-06,"6,229.80"
14-Nov-06,"6,186.60"
13-Nov-06,"6,194.20"
10-Nov-06,"6,208.40"
9-Nov-06,"6,231.50"
8-Nov-06,"6,239.00"
7-Nov-06,"6,244.00"
6-Nov-06,"6,224.50"
3-Nov-06,"6,148.10"
2-Nov-06,"6,149.30"
1-Nov-06,"6,149.60"
31-Oct-06,"6,129.20"
30-Oct-06,"6,126.80"
27-Oct-06,"6,160.90"
26-Oct-06,"6,184.80"
25-Oct-06,"6,214.60"
24-Oct-06,"6,182.50"
23-Oct-06,"6,166.10"
20-Oct-06,"6,155.20"
19-Oct-06,"6,156.00"
18-Oct-06,"6,150.40"
17-Oct-06,"6,108.60"
16-Oct-06,"6,172.40"
13-Oct-06,"6,157.30"
12-Oct-06,"6,121.30"
11-Oct-06,"6,073.50"
10-Oct-06,"6,072.70"
9-Oct-06,"6,030.90"
6-Oct-06,"6,001.20"
5-Oct-06,"6,004.50"
4-Oct-06,"5,966.50"
3-Oct-06,"5,937.10"
2-Oct-06,"5,957.80"
29-Sep-06,"5,960.80"
28-Sep-06,"5,971.30"
27-Sep-06,"5,930.10"
26-Sep-06,"5,873.60"
25-Sep-06,"5,798.30"
22-Sep-06,"5,822.30"
21-Sep-06,"5,896.70"
20-Sep-06,"5,866.20"
19-Sep-06,"5,831.80"
18-Sep-06,"5,890.20"
15-Sep-06,"5,877.00"
14-Sep-06,"5,877.20"
13-Sep-06,"5,892.20"
12-Sep-06,"5,895.50"
11-Sep-06,"5,850.80"
8-Sep-06,"5,879.30"
7-Sep-06,"5,858.10"
6-Sep-06,"5,929.30"
5-Sep-06,"5,981.70"
4-Sep-06,"5,986.60"
1-Sep-06,"5,949.10"
31-Aug-06,"5,906.10"
30-Aug-06,"5,929.30"
29-Aug-06,"5,888.30"
25-Aug-06,"5,878.60"
24-Aug-06,"5,869.10"
23-Aug-06,"5,860.00"
22-Aug-06,"5,902.60"
21-Aug-06,"5,915.20"
18-Aug-06,"5,903.40"
17-Aug-06,"5,900.40"
16-Aug-06,"5,896.60"
15-Aug-06,"5,897.90"
14-Aug-06,"5,870.90"
11-Aug-06,"5,820.10"
10-Aug-06,"5,823.40"
9-Aug-06,"5,860.50"
8-Aug-06,"5,818.10"
7-Aug-06,"5,828.80"
4-Aug-06,"5,889.40"
3-Aug-06,"5,838.40"
2-Aug-06,"5,932.10"
1-Aug-06,"5,880.80"
31-Jul-06,"5,928.30"
28-Jul-06,"5,974.90"
27-Jul-06,"5,929.50"
26-Jul-06,"5,877.10"
25-Jul-06,"5,851.20"
24-Jul-06,"5,833.90"
21-Jul-06,"5,719.70"
20-Jul-06,"5,770.90"
19-Jul-06,"5,778.00"
18-Jul-06,"5,681.70"
17-Jul-06,"5,701.00"
14-Jul-06,"5,707.60"
13-Jul-06,"5,765.00"
12-Jul-06,"5,860.60"
11-Jul-06,"5,857.30"
10-Jul-06,"5,896.90"
7-Jul-06,"5,888.90"
6-Jul-06,"5,890.00"
5-Jul-06,"5,826.70"
4-Jul-06,"5,883.50"
3-Jul-06,"5,884.40"
30-Jun-06,"5,833.40"
29-Jun-06,"5,791.50"
28-Jun-06,"5,678.60"
27-Jun-06,"5,652.30"
26-Jun-06,"5,681.20"
23-Jun-06,"5,692.10"
22-Jun-06,"5,684.10"
21-Jun-06,"5,665.00"
20-Jun-06,"5,658.20"
19-Jun-06,"5,626.10"
16-Jun-06,"5,597.40"
15-Jun-06,"5,619.30"
14-Jun-06,"5,506.80"
13-Jun-06,"5,519.60"
12-Jun-06,"5,620.90"
9-Jun-06,"5,655.20"
8-Jun-06,"5,562.90"
7-Jun-06,"5,706.30"
6-Jun-06,"5,669.80"
5-Jun-06,"5,762.10"
2-Jun-06,"5,764.60"
1-Jun-06,"5,749.70"
31-May-06,"5,723.80"
30-May-06,"5,652.00"
26-May-06,"5,791.00"
25-May-06,"5,677.70"
24-May-06,"5,587.10"
23-May-06,"5,678.70"
22-May-06,"5,532.70"
19-May-06,"5,657.40"
18-May-06,"5,671.60"
17-May-06,"5,675.50"
16-May-06,"5,846.20"
15-May-06,"5,841.30"
12-May-06,"5,912.10"
11-May-06,"6,042.00"
10-May-06,"6,083.40"
9-May-06,"6,105.60"
8-May-06,"6,067.10"
5-May-06,"6,091.70"
4-May-06,"6,036.90"
3-May-06,"6,010.00"
2-May-06,"6,082.10"
28-Apr-06,"6,023.10"
27-Apr-06,"6,060.00"
26-Apr-06,"6,104.30"
25-Apr-06,"6,086.60"
24-Apr-06,"6,098.70"
21-Apr-06,"6,132.70"
20-Apr-06,"6,081.40"
19-Apr-06,"6,089.80"
18-Apr-06,"6,044.10"
13-Apr-06,"6,029.40"
12-Apr-06,"6,000.80"
11-Apr-06,"6,016.50"
10-Apr-06,"6,067.00"
7-Apr-06,"6,026.10"
6-Apr-06,"6,045.70"
5-Apr-06,"6,044.10"
4-Apr-06,"6,004.70"
3-Apr-06,"6,024.30"
31-Mar-06,"5,964.60"
30-Mar-06,"6,015.20"
29-Mar-06,"5,959.20"
28-Mar-06,"5,935.70"
27-Mar-06,"5,972.20"
24-Mar-06,"6,036.30"
23-Mar-06,"5,990.10"
22-Mar-06,"6,007.50"
21-Mar-06,"5,991.30"
20-Mar-06,"5,991.70"
17-Mar-06,"5,999.40"
16-Mar-06,"5,993.20"
15-Mar-06,"5,965.10"
14-Mar-06,"5,950.60"
13-Mar-06,"5,952.80"
10-Mar-06,"5,907.90"
9-Mar-06,"5,855.90"
8-Mar-06,"5,812.90"
7-Mar-06,"5,857.40"
6-Mar-06,"5,897.80"
3-Mar-06,"5,858.70"
2-Mar-06,"5,833.00"
1-Mar-06,"5,844.10"
28-Feb-06,"5,791.50"
27-Feb-06,"5,875.90"
24-Feb-06,"5,860.50"
23-Feb-06,"5,836.00"
22-Feb-06,"5,872.40"
21-Feb-06,"5,857.70"
20-Feb-06,"5,863.00"
17-Feb-06,"5,846.20"
16-Feb-06,"5,828.90"
15-Feb-06,"5,791.50"
14-Feb-06,"5,792.30"
13-Feb-06,"5,793.50"
10-Feb-06,"5,764.10"
9-Feb-06,"5,808.70"
8-Feb-06,"5,725.10"
7-Feb-06,"5,746.80"
6-Feb-06,"5,772.40"
3-Feb-06,"5,759.30"
2-Feb-06,"5,747.30"
1-Feb-06,"5,801.60"
31-Jan-06,"5,760.30"
30-Jan-06,"5,779.80"
27-Jan-06,"5,786.80"
26-Jan-06,"5,722.60"
25-Jan-06,"5,704.40"
24-Jan-06,"5,633.80"
23-Jan-06,"5,660.90"
20-Jan-06,"5,672.40"
19-Jan-06,"5,693.20"
18-Jan-06,"5,663.70"
17-Jan-06,"5,699.00"
16-Jan-06,"5,740.20"
13-Jan-06,"5,711.00"
12-Jan-06,"5,735.10"
11-Jan-06,"5,731.50"
10-Jan-06,"5,688.80"
9-Jan-06,"5,731.50"
6-Jan-06,"5,731.80"
5-Jan-06,"5,691.20"
4-Jan-06,"5,714.60"
3-Jan-06,"5,681.50"
30-Dec-05,"5,618.80"
29-Dec-05,"5,638.30"
28-Dec-05,"5,622.80"
23-Dec-05,"5,595.40"
22-Dec-05,"5,597.00"
21-Dec-05,"5,587.40"
20-Dec-05,"5,547.90"
19-Dec-05,"5,539.80"
16-Dec-05,"5,531.60"
15-Dec-05,"5,495.30"
14-Dec-05,"5,521.10"
13-Dec-05,"5,507.20"
12-Dec-05,"5,501.50"
9-Dec-05,"5,517.40"
8-Dec-05,"5,531.10"
7-Dec-05,"5,528.80"
6-Dec-05,"5,538.80"
5-Dec-05,"5,510.40"
2-Dec-05,"5,528.10"
1-Dec-05,"5,486.10"
30-Nov-05,"5,423.20"
29-Nov-05,"5,491.00"
28-Nov-05,"5,477.40"
25-Nov-05,"5,523.80"
24-Nov-05,"5,511.00"
23-Nov-05,"5,531.70"
22-Nov-05,"5,517.20"
21-Nov-05,"5,497.90"
18-Nov-05,"5,498.90"
17-Nov-05,"5,460.00"
16-Nov-05,"5,430.00"
15-Nov-05,"5,439.60"
14-Nov-05,"5,470.00"
11-Nov-05,"5,465.10"
10-Nov-05,"5,423.50"
9-Nov-05,"5,439.80"
8-Nov-05,"5,460.90"
7-Nov-05,"5,460.80"
4-Nov-05,"5,423.60"
3-Nov-05,"5,431.90"
2-Nov-05,"5,358.60"
1-Nov-05,"5,344.30"
31-Oct-05,"5,317.30"
28-Oct-05,"5,213.40"
27-Oct-05,"5,182.80"
26-Oct-05,"5,227.80"
25-Oct-05,"5,182.10"
24-Oct-05,"5,207.60"
21-Oct-05,"5,142.10"
20-Oct-05,"5,164.10"
19-Oct-05,"5,167.80"
18-Oct-05,"5,263.90"
17-Oct-05,"5,286.50"
14-Oct-05,"5,275.00"
13-Oct-05,"5,265.20"
12-Oct-05,"5,342.20"
11-Oct-05,"5,380.70"
10-Oct-05,"5,374.50"
7-Oct-05,"5,362.30"
6-Oct-05,"5,372.40"
5-Oct-05,"5,427.80"
4-Oct-05,"5,494.40"
3-Oct-05,"5,501.50"
30-Sep-05,"5,477.70"
29-Sep-05,"5,478.20"
28-Sep-05,"5,494.80"
27-Sep-05,"5,447.30"
26-Sep-05,"5,453.10"
23-Sep-05,"5,413.60"
22-Sep-05,"5,385.70"
21-Sep-05,"5,369.70"
20-Sep-05,"5,416.40"
19-Sep-05,"5,429.70"
16-Sep-05,"5,407.90"
15-Sep-05,"5,383.50"
14-Sep-05,"5,347.40"
13-Sep-05,"5,338.00"
12-Sep-05,"5,375.10"
9-Sep-05,"5,359.30"
8-Sep-05,"5,340.80"
7-Sep-05,"5,365.90"
6-Sep-05,"5,359.20"
5-Sep-05,"5,337.80"
2-Sep-05,"5,326.80"
1-Sep-05,"5,328.50"
31-Aug-05,"5,296.90"
30-Aug-05,"5,255.80"
26-Aug-05,"5,228.10"
25-Aug-05,"5,255.70"
24-Aug-05,"5,275.20"
23-Aug-05,"5,300.20"
22-Aug-05,"5,318.40"
19-Aug-05,"5,312.60"
18-Aug-05,"5,269.30"
17-Aug-05,"5,292.70"
16-Aug-05,"5,322.30"
15-Aug-05,"5,344.20"
12-Aug-05,"5,345.80"
11-Aug-05,"5,358.60"
10-Aug-05,"5,377.50"
9-Aug-05,"5,363.70"
8-Aug-05,"5,344.30"
5-Aug-05,"5,314.70"
4-Aug-05,"5,315.50"
3-Aug-05,"5,332.30"
2-Aug-05,"5,327.50"
1-Aug-05,"5,290.80"
29-Jul-05,"5,282.30"
28-Jul-05,"5,270.30"
27-Jul-05,"5,263.60"
26-Jul-05,"5,256.20"
25-Jul-05,"5,270.70"
22-Jul-05,"5,241.80"
21-Jul-05,"5,221.60"
20-Jul-05,"5,215.20"
19-Jul-05,"5,201.50"
18-Jul-05,"5,214.20"
15-Jul-05,"5,230.80"
14-Jul-05,"5,259.70"
13-Jul-05,"5,245.90"
12-Jul-05,"5,217.20"
11-Jul-05,"5,242.40"
8-Jul-05,"5,232.20"
7-Jul-05,"5,158.30"
6-Jul-05,"5,229.60"
5-Jul-05,"5,190.10"
4-Jul-05,"5,184.30"
1-Jul-05,"5,161.00"
30-Jun-05,"5,113.20"
29-Jun-05,"5,109.10"
28-Jun-05,"5,090.40"
27-Jun-05,"5,043.50"
24-Jun-05,"5,079.00"
23-Jun-05,"5,114.40"
22-Jun-05,"5,099.30"
21-Jun-05,"5,082.10"
20-Jun-05,"5,072.00"
17-Jun-05,"5,077.60"
16-Jun-05,"5,045.00"
15-Jun-05,"5,019.50"
14-Jun-05,"5,046.80"
13-Jun-05,"5,050.40"
10-Jun-05,"5,030.40"
9-Jun-05,"5,009.20"
8-Jun-05,"5,003.70"
7-Jun-05,"5,025.20"
6-Jun-05,"4,980.40"
3-Jun-05,"4,999.40"
2-Jun-05,"5,005.00"
1-Jun-05,"5,011.00"
31-May-05,"4,964.00"
27-May-05,"4,986.30"
26-May-05,"4,994.90"
25-May-05,"4,971.50"
24-May-05,"4,982.50"
23-May-05,"4,989.80"
20-May-05,"4,971.80"
19-May-05,"4,962.70"
18-May-05,"4,949.40"
17-May-05,"4,898.50"
16-May-05,"4,884.20"
13-May-05,"4,886.50"
12-May-05,"4,893.20"
11-May-05,"4,875.40"
10-May-05,"4,892.40"
9-May-05,"4,910.30"
6-May-05,"4,918.90"
5-May-05,"4,902.30"
4-May-05,"4,882.50"
3-May-05,"4,861.20"
29-Apr-05,"4,801.70"
28-Apr-05,"4,790.20"
27-Apr-05,"4,789.40"
26-Apr-05,"4,845.50"
25-Apr-05,"4,864.90"
22-Apr-05,"4,849.30"
21-Apr-05,"4,819.60"
20-Apr-05,"4,822.00"
19-Apr-05,"4,855.60"
18-Apr-05,"4,827.10"
15-Apr-05,"4,891.60"
14-Apr-05,"4,945.40"
13-Apr-05,"4,960.80"
12-Apr-05,"4,946.20"
11-Apr-05,"4,973.20"
8-Apr-05,"4,983.60"
7-Apr-05,"4,977.00"
6-Apr-05,"4,947.40"
5-Apr-05,"4,942.90"
4-Apr-05,"4,896.70"
1-Apr-05,"4,914.00"
31-Mar-05,"4,894.40"
30-Mar-05,"4,900.70"
29-Mar-05,"4,919.00"
24-Mar-05,"4,922.50"
23-Mar-05,"4,910.40"
22-Mar-05,"4,937.30"
21-Mar-05,"4,933.50"
18-Mar-05,"4,923.30"
17-Mar-05,"4,922.10"
16-Mar-05,"4,937.60"
15-Mar-05,"5,000.20"
14-Mar-05,"4,975.00"
11-Mar-05,"4,982.00"
10-Mar-05,"4,962.10"
9-Mar-05,"4,996.10"
8-Mar-05,"5,010.90"
7-Mar-05,"5,027.20"
4-Mar-05,"5,036.30"
3-Mar-05,"5,014.80"
2-Mar-05,"4,992.80"
1-Mar-05,"5,000.50"
28-Feb-05,"4,968.50"
25-Feb-05,"5,006.80"
24-Feb-05,"4,972.10"
23-Feb-05,"4,988.50"
22-Feb-05,"5,032.90"
21-Feb-05,"5,060.80"
18-Feb-05,"5,057.20"
17-Feb-05,"5,057.40"
16-Feb-05,"5,053.20"
15-Feb-05,"5,058.90"
14-Feb-05,"5,041.80"
11-Feb-05,"5,044.20"
10-Feb-05,"5,000.00"
9-Feb-05,"4,990.40"
8-Feb-05,"4,995.50"
7-Feb-05,"4,979.80"
4-Feb-05,"4,941.50"
3-Feb-05,"4,908.30"
2-Feb-05,"4,916.20"
1-Feb-05,"4,906.20"
31-Jan-05,"4,852.30"
28-Jan-05,"4,832.80"
27-Jan-05,"4,853.40"
26-Jan-05,"4,847.10"
25-Jan-05,"4,843.20"
24-Jan-05,"4,812.50"
21-Jan-05,"4,803.30"
20-Jan-05,"4,800.80"
19-Jan-05,"4,818.30"
18-Jan-05,"4,823.90"
17-Jan-05,"4,846.70"
14-Jan-05,"4,820.80"
13-Jan-05,"4,800.30"
12-Jan-05,"4,783.60"
11-Jan-05,"4,818.70"
10-Jan-05,"4,840.70"
7-Jan-05,"4,854.10"
6-Jan-05,"4,824.30"
5-Jan-05,"4,806.00"
4-Jan-05,"4,847.00"
